# MJD,Flux,Eflux
5.860220361712398881e+04,9.950899145889108288e-01,8.960125897721308305e-04
5.860222445068874367e+04,9.980249432699265233e-01,8.947828899078168153e-04
5.860224528425308381e+04,9.916985539453865295e-01,8.943482565721989214e-04
5.860226611781674728e+04,1.008143052097326464e+00,8.944575220803042048e-04
5.860228695137946488e+04,9.938982468887385124e-01,8.950237879086837172e-04
5.860230778494097467e+04,9.961734078560601224e-01,8.951200007657672325e-04
5.860232861850102927e+04,9.933178588392562736e-01,8.962476261175951345e-04
5.860234945205938857e+04,1.010657984705213730e+00,8.942997098620571400e-04
5.860237028561583429e+04,9.980044532644867239e-01,8.951303495677777767e-04
5.860239111917016271e+04,9.981989906643862209e-01,8.967676694298899135e-04
5.860241195272220648e+04,1.002060121996708908e+00,8.952632529831554579e-04
5.860243278627182735e+04,9.950390197904449563e-01,8.958690975914595286e-04
5.860245361981889437e+04,1.001075887261027253e+00,8.956024935362236162e-04
5.860247445336334204e+04,9.904528522886141273e-01,8.954246318084333953e-04
5.860249528690510488e+04,9.962843126431435437e-01,8.966550332332643390e-04
5.860251612044418289e+04,9.884373642596107068e-01,8.958717240149470778e-04
5.860253695398059790e+04,1.003103855516566778e+00,8.960862516288471387e-04
5.860255778751439357e+04,1.002192222712029013e+00,8.961469017482241685e-04
5.860257862104566448e+04,9.986478705390060551e-01,8.961749773854734607e-04
5.860259945457454160e+04,9.992252747736382057e-01,8.969110825386739398e-04
5.860262028810116317e+04,1.002701311110711258e+00,8.970558165350370769e-04
5.860266195514840365e+04,1.012702539940622648e+00,8.991524329140739057e-04
5.860268278866944456e+04,1.001276510158354949e+00,8.971152657671336477e-04
5.860270362218908122e+04,1.004778484407528927e+00,8.977975827339619791e-04
5.860274528922516765e+04,9.977626248476085813e-01,8.971942043495275635e-04
5.860276612274214858e+04,1.006562336429051907e+00,8.970292344904992089e-04
5.860280778977529553e+04,9.881615075968714912e-01,8.962084684633406110e-04
5.860282862329197087e+04,9.953054738701598847e-01,8.969088688377621242e-04
5.860284945680903911e+04,9.936883712880938413e-01,8.970246854972116837e-04
5.860287029032671853e+04,9.965315797324952873e-01,8.953414188590726620e-04
5.860293279088524287e+04,9.926523327624354742e-01,8.945486865804882105e-04
5.860295362440705503e+04,9.981564827799224160e-01,8.950448117223148026e-04
5.860297445793017687e+04,9.890572248544060585e-01,8.946012550865624097e-04
5.860299529145465931e+04,9.956336562055896344e-01,8.957284251727970752e-04
5.860303695850769873e+04,1.005717614882407407e+00,8.932282145223072872e-04
5.860314112616066996e+04,9.961549211635308820e-01,8.923094625043559783e-04
5.860316195969360706e+04,9.949334568695604730e-01,8.933353150913759351e-04
5.860322446029327693e+04,9.957878576490609701e-01,8.911056294652481549e-04
5.860324529382595210e+04,9.956671627974129635e-01,8.908359427097478070e-04
5.860328696088887227e+04,1.010336588938040014e+00,8.906762584136480865e-04
5.860330779441860068e+04,9.899971854478430977e-01,8.893287695768180637e-04
5.860334946147335722e+04,9.908314498219401578e-01,8.915527473108807036e-04
5.860337029499792698e+04,9.979712064442890496e-01,8.884194884988898776e-04
5.860343279555816116e+04,1.002513573638672550e+00,8.881077365666359847e-04
5.860349529609555611e+04,1.013049185676978547e+00,8.868370921492474543e-04
5.860351612960266357e+04,1.005625551809856466e+00,8.867743368594049576e-04
5.860353696310711530e+04,1.010217418941503631e+00,8.860953027548721089e-04
5.860355779660895496e+04,1.003295513985184462e+00,8.856245831199725587e-04
5.860359946360523463e+04,1.009842689077938171e+00,8.855893596873137819e-04
5.860362029709995113e+04,1.011380075389189281e+00,8.834163513334341742e-04
5.860372446454723831e+04,9.932591919608450004e-01,8.815911922525300135e-04
5.860374529803311452e+04,1.011778256274725951e+00,8.809003033528883808e-04
5.860382863197333063e+04,1.001349629786606465e+00,8.777290850766058606e-04
5.860387029894496663e+04,1.002368876370363759e+00,8.758305964778131817e-04
5.860389113243193424e+04,9.993208388566003908e-01,8.754931341841356738e-04
5.860393279940898356e+04,9.969457698677612889e-01,8.734996521708588953e-04
5.860395363289931993e+04,9.953251488602021801e-01,8.725986102257478989e-04
5.860397446639097325e+04,9.941525322197957149e-01,8.731458292328640996e-04
5.860401613337836898e+04,1.001741736812778560e+00,8.704284232974194907e-04
5.860405780037107615e+04,1.012153595590426391e+00,8.698255953046603447e-04
5.860407863386924873e+04,9.987931700422052472e-01,8.689741427746065956e-04
5.860409946736847633e+04,9.996902982943911553e-01,8.685462702541375249e-04
5.860416196787076478e+04,9.957436094337963617e-01,8.665972117465419421e-04
5.860418280137237161e+04,1.007297368317688457e+00,8.668916171035674157e-04
5.860420363487401482e+04,9.980396337819521513e-01,8.659522853106883973e-04
5.860422446837543248e+04,1.006488186153989162e+00,8.660215293016444195e-04
5.860426613537654339e+04,9.981904828016016085e-01,8.655118884029897519e-04
5.860430780237358704e+04,9.942464880818440154e-01,8.650019546871874935e-04
5.860434946936455526e+04,9.882810979769010018e-01,8.654795184634983150e-04
5.860437030285718356e+04,9.910475690259517023e-01,8.649541607034878701e-04
5.860441196983580448e+04,9.964615983388271925e-01,8.640419318766267166e-04
5.860443280332147697e+04,9.927345970205541104e-01,8.653524625696598811e-04
5.860447447028503666e+04,9.884142974382317259e-01,8.646005388089535995e-04
5.860449530376281473e+04,9.990419833099696278e-01,8.662609746577092399e-04
5.860451613723789342e+04,9.970941589091728563e-01,8.657652050538111729e-04
5.860453697071032366e+04,9.993703482555404971e-01,8.656672710931929016e-04
5.860455780418015638e+04,9.918614776800945831e-01,8.677320083702629982e-04
5.860457863764748618e+04,1.011473794300373319e+00,8.663841547162956470e-04
5.860459947111245128e+04,1.007200622251749556e+00,8.667071568931915618e-04
5.860462030457521178e+04,9.884153018074596231e-01,8.669863122038619753e-04
5.860464113803594955e+04,9.895712392600110041e-01,8.681992941334069208e-04
5.860466197149487562e+04,1.000024768403655839e+00,8.698337475182337051e-04
5.860468280495221552e+04,1.004659853505028178e+00,8.684647203160479091e-04
5.860472447186312638e+04,1.006268042367455040e+00,8.683680707180798340e-04
5.860476613877076306e+04,1.003492173648614205e+00,8.703946512581518195e-04
5.860478697222400660e+04,1.005576737464972892e+00,8.703775943990622833e-04
5.860482863913066103e+04,1.008429373504076354e+00,8.723795851306465760e-04
5.860484947258454486e+04,1.003344932315446192e+00,8.727606049555688061e-04
5.860487030603908352e+04,1.001534388121569696e+00,8.739858639739937762e-04
5.860489113949447346e+04,1.003055435121694039e+00,8.749633785037417818e-04
5.860491197295088205e+04,1.011394178194438886e+00,8.751142911805295278e-04
5.860495363986724260e+04,1.000845930740956957e+00,8.762367186343645448e-04
5.860497447332737647e+04,9.893086955040539809e-01,8.777738260489421256e-04
5.860499530678887095e+04,1.005584868920622599e+00,8.787557905264782067e-04
5.860501614025173330e+04,1.009054397555998905e+00,8.795123531220316610e-04
5.860503697371591988e+04,9.954252755769088523e-01,8.800972004226081296e-04
5.860505780718137976e+04,1.010857582499222529e+00,8.805471041484084008e-04
5.860509947411563917e+04,9.969533730268816951e-01,8.822007045316285429e-04
5.860512030758416222e+04,9.963465933868472790e-01,8.828040564916374853e-04
5.860516197452304186e+04,1.010431008826071064e+00,8.840969034470351874e-04
5.860518280799296917e+04,1.010791347041092081e+00,8.853387080389573793e-04
5.860520364146288921e+04,1.006940719601961076e+00,8.853591973189411934e-04
5.860524530840168882e+04,9.933592360982472780e-01,8.866279754008196505e-04
5.860526614187003725e+04,1.005330437920343822e+00,8.869285020799258555e-04
5.860528697533733794e+04,9.997078548008544452e-01,8.876928483314698885e-04
5.860530780880332168e+04,1.003615417235376173e+00,8.872829971438468558e-04
5.860532864226775564e+04,1.011383772582596041e+00,8.911573521825180179e-04
5.860534947573039972e+04,1.005409284524894309e+00,8.884666804576042990e-04
5.860537030919104291e+04,9.975527690697690852e-01,8.896909306281043650e-04
5.860539114264950331e+04,9.978368857754555954e-01,8.892540332663637515e-04
5.860541197610561358e+04,1.007740382795100365e+00,8.909985285775574252e-04
5.860543280955924274e+04,9.972327922485544338e-01,8.900992312881060619e-04
5.860545364301028894e+04,1.007800333218688893e+00,8.912531434072106396e-04
5.860549530990437779e+04,9.943390285139562801e-01,8.914816539206347210e-04
5.860551614334739133e+04,1.011647951575151083e+00,8.909587929288279202e-04
5.860553697678774915e+04,1.000287410298309476e+00,8.944876830639661913e-04
5.860555781022552401e+04,9.967057666893210932e-01,8.939792715116376496e-04
5.860557864366081776e+04,9.936385809852892326e-01,8.943874596313248224e-04
5.860559947709376138e+04,1.005047745225366329e+00,8.939891503936933572e-04
5.860562031052452221e+04,9.931951498482434193e-01,8.947094161504633072e-04
5.860564114395328215e+04,9.958147924738425250e-01,8.951091837272180619e-04
5.860566197738025949e+04,9.994491502599247568e-01,8.955991177460165655e-04
5.860568281080567976e+04,1.000749117141290334e+00,8.971747254304023120e-04
5.860570364422979765e+04,9.948222111592132100e-01,8.954188507815087584e-04
5.860572447765286051e+04,1.005409841861198306e+00,8.964620565854159286e-04
5.860574531107513758e+04,1.002642470379148110e+00,8.968291719657629476e-04
5.860578697791839659e+04,1.005091543823986688e+00,8.979491231618627525e-04
5.860582864476164104e+04,1.004296047280837101e+00,8.986446805847193159e-04
5.860584947818386718e+04,9.960831240338551273e-01,8.978318892406801990e-04
5.860587031160676997e+04,9.960901457254967006e-01,8.980644970092687687e-04
5.860589114503055316e+04,9.892683552039628347e-01,8.983115117342462853e-04
5.860591197845536954e+04,1.000282974947938053e+00,8.977112147147327942e-04
5.860593281188134279e+04,1.004500674892556455e+00,8.988467917954202652e-04
5.860595364530858933e+04,9.981326932134932939e-01,8.990131060350132824e-04
5.860597447873716010e+04,1.006666453784465842e+00,8.996824334884398694e-04
5.860601614559839800e+04,1.001392966088611836e+00,8.974263093644336978e-04
5.860603697903101420e+04,9.924990222537749540e-01,8.987907922189149320e-04
5.860605781246488914e+04,9.994918989060488368e-01,8.990045085323591402e-04
5.860607864589990641e+04,9.982753000069346516e-01,8.986446877581856724e-04
5.860609947933594231e+04,1.011969689448242615e+00,8.983523716721834211e-04
5.860612031277282222e+04,1.002096378819739231e+00,8.996960400854275581e-04
5.860616197964833555e+04,9.892872739666640491e-01,8.985686171004154520e-04
5.860622447996254778e+04,9.930590938350208896e-01,8.981926456782898284e-04
5.860624531339984969e+04,1.008986099122799684e+00,8.960408926414676527e-04
5.860626614683632943e+04,1.002716862932649944e+00,8.965286924737452890e-04
5.860630781370577461e+04,1.001428643003483554e+00,8.969269232779732105e-04
5.860632864713823801e+04,9.965216119149399310e-01,8.971613464515816681e-04
5.860634948056888243e+04,1.003922328507819817e+00,8.954228247915738993e-04
5.860637031399750413e+04,9.986163096249173199e-01,8.954896963843535750e-04
5.860643281426949397e+04,9.938890764462219307e-01,8.953831630927778108e-04
5.860647448110472760e+04,1.003970564998292847e+00,8.955310018018873899e-04
5.860651614792923647e+04,9.967049201513524803e-01,8.937724605345938930e-04
5.860653698133749276e+04,9.913873326153509469e-01,8.951375079592905747e-04
5.860655781474318064e+04,1.004636269029039575e+00,8.939810742354839350e-04
5.860657864814640197e+04,9.951250755164294803e-01,8.932516837868661758e-04
5.860659948154729500e+04,9.944476371578298002e-01,8.956607365099231990e-04
5.860662031494602707e+04,1.005670785322274163e+00,8.941222883260668136e-04
5.860664114834278735e+04,9.991666723823277030e-01,8.941383803415988698e-04
5.860668281513126567e+04,1.000939276638324937e+00,8.924788513040137622e-04
5.860670364852347120e+04,1.001947356381703624e+00,8.917126577982081729e-04
5.860674531530508830e+04,1.000319198935714304e+00,8.919675891335101170e-04
5.860676614869503828e+04,1.001245805746660222e+00,8.905530941509866858e-04
5.860678698208476271e+04,9.946746401897375023e-01,8.913439775113347419e-04
5.860680781547452352e+04,9.928795064982754992e-01,8.919929127624001480e-04
5.860687031564634526e+04,9.956041524588482572e-01,8.902427193636273332e-04
5.860693281582606141e+04,1.011781976152904550e+00,8.873215025198616032e-04
5.860695364922171575e+04,1.011947211233276134e+00,8.863574935432518920e-04
5.860699531601704803e+04,1.003393905000213193e+00,8.853230604336588712e-04
5.860701614941675507e+04,1.002776116249413985e+00,8.864147367625246606e-04
5.860705781622004724e+04,9.895704988664781876e-01,8.848884503592342960e-04
5.860709948302782868e+04,9.963482155212128877e-01,8.808107854577423498e-04
5.860712031643303635e+04,1.003137805172350516e+00,8.814482485053989382e-04
5.860714114983887703e+04,1.013008474621786670e+00,8.796839935757143521e-04
5.860716198324512516e+04,1.008499634368579478e+00,8.789760210346475025e-04
5.860718281665156246e+04,1.003594300390679317e+00,8.787080036719478000e-04
5.860720365005792701e+04,1.008673796300862069e+00,8.779118462458262257e-04
5.860722448346395686e+04,1.010765282977279744e+00,8.776085918490804773e-04
5.860724531686940463e+04,1.001590596940815203e+00,8.768405940499896878e-04
5.860726615027398657e+04,1.004861716670987226e+00,8.762113222018730416e-04
5.860734948387862096e+04,1.009256225498966542e+00,8.767972097301647821e-04
5.860737031727518479e+04,9.954106402038221946e-01,8.751130830984185085e-04
5.860741198406147305e+04,9.984125097549696459e-01,8.735432297815191784e-04
5.860745365083773504e+04,1.009548630752250542e+00,8.736924029891696185e-04
5.860747448422190064e+04,1.000070926290953066e+00,8.727956739999939402e-04
5.860749531760336686e+04,1.002431537531660810e+00,8.723320106120512453e-04
5.860751615098214825e+04,9.991773259147883612e-01,8.737703368933100742e-04
5.860753698435829574e+04,1.002795468164017212e+00,8.716953575301785535e-04
5.860757865110301645e+04,1.005980254996237555e+00,8.716358090132995473e-04
5.860759948447184433e+04,1.009133305738616704e+00,8.720636884474261986e-04
5.860762031783852581e+04,1.009659560136671130e+00,8.721247673777374719e-04
5.860766198456627899e+04,1.002352771322995606e+00,8.716221415665714647e-04
5.860768281792780181e+04,1.003840933935830515e+00,8.720378156513656619e-04
5.860772448464738409e+04,1.003747591621620527e+00,8.731622044763913577e-04
5.860774531800596014e+04,1.010413274209657430e+00,8.728881851092735534e-04
5.860776615136409237e+04,1.011511365093460846e+00,8.735155632320735575e-04
5.860778698472202814e+04,1.004661346927695931e+00,8.734454003579818302e-04
5.860780781808003667e+04,1.004682956589733056e+00,8.740033224605898467e-04
5.860782865143834351e+04,9.980607126954305075e-01,8.742569954165654855e-04
5.860784948479718878e+04,9.923902432393001405e-01,8.740033077091640713e-04
5.860787031815676892e+04,9.932948014025076988e-01,8.772281124726328486e-04
5.860789115151726583e+04,9.921310184307492452e-01,8.789111935450781999e-04
5.860791198487883958e+04,1.008722578712925699e+00,8.760063286791136853e-04
5.860793281824159931e+04,9.970663133885558915e-01,8.763274688164950522e-04
5.860795365160563961e+04,9.901657720253769224e-01,8.772446025734748467e-04
5.860799531833778019e+04,9.878851695214687645e-01,8.787788247108242442e-04
5.860805781844594458e+04,1.003813193969894213e+00,8.810533745613612251e-04
5.860807865181769739e+04,1.006075514860891973e+00,8.827382905744244300e-04
5.860809948519042518e+04,9.909755925646064334e-01,8.828041733265709233e-04
5.860814115193807811e+04,1.004279529365893486e+00,8.836800737662928477e-04
5.860818281868725171e+04,1.006376570885705979e+00,8.857563219170676771e-04
5.860820365206181305e+04,1.005290052180504601e+00,8.866940053522466862e-04
5.860824531880956783e+04,9.887489870305598005e-01,8.876751725241564068e-04
5.860826615218224470e+04,9.970536563928956708e-01,8.879811887952109451e-04
5.860828698555376468e+04,1.007762487125105189e+00,8.926988592124616333e-04
5.860830781892387313e+04,9.942561887435902301e-01,8.902131386990097929e-04
5.860834948565891682e+04,9.949878152219376881e-01,8.928614163089493381e-04
5.860837031902342278e+04,1.002553528056298493e+00,8.934685648833999485e-04
5.860841198574552254e+04,1.009474250189526634e+00,8.940323926532499832e-04
5.860843281910284713e+04,1.005274031034775195e+00,8.942678413163662049e-04
5.860845365245755238e+04,1.009789253729537206e+00,8.942945342741083666e-04
5.860847448580958007e+04,1.003152339396329973e+00,8.954982556453167618e-04
5.860849531915892294e+04,1.000298765608673257e+00,8.957927480529810681e-04
5.860851615250558098e+04,9.903409574375402480e-01,8.966028008359223488e-04
5.860857865253013733e+04,9.921075384962600996e-01,8.976853558289680244e-04
5.860859948586689279e+04,9.920699132771536588e-01,8.980010475347141715e-04
5.860862031920153095e+04,1.011383060570308690e+00,8.981456633054851237e-04
5.860864115253425553e+04,9.884366824802036655e-01,8.991814829169172659e-04
5.860866198586528481e+04,1.008554121998798569e+00,8.993469037908831485e-04
5.860868281919485162e+04,9.981342017852790072e-01,9.005191752798684347e-04
5.860870365252321062e+04,9.947451870740122715e-01,9.003704730840766338e-04
5.860872448585062375e+04,9.989767835485866554e-01,9.009508531341606187e-04
5.860874531917735294e+04,9.905007308339432992e-01,9.014478098056973162e-04
5.860876615250366740e+04,9.884676833447635369e-01,9.022988680774196796e-04
5.860878698582982179e+04,9.956586611790817498e-01,9.034890570789777704e-04
5.860880781915607804e+04,1.006337841216973006e+00,9.025813426055015421e-04
5.860882865248267626e+04,9.951250144610193082e-01,9.039266407615000574e-04
5.860887031913774990e+04,1.004433296773941109e+00,9.039787280976811562e-04
5.860889115246660367e+04,9.959434226349318520e-01,9.047150463025056127e-04
5.860891198579654156e+04,9.922819676852516757e-01,9.042676713068759130e-04
5.860893281912769453e+04,9.953447490353038996e-01,9.049453576820737279e-04
5.860895365246014262e+04,1.009069010085841045e+00,9.056723273408470807e-04
5.860897448579392949e+04,9.990776374502425838e-01,9.073253877051714114e-04
5.860901615246559959e+04,9.891592260329111763e-01,9.065871152017092142e-04
5.860903698580340279e+04,1.003997784643642532e+00,9.061532919575528968e-04
5.860905781914242834e+04,9.882077087037245411e-01,9.068245006517226380e-04
5.860907865248254529e+04,1.001388897030749847e+00,9.080842149426688898e-04
5.860909948582361540e+04,9.927964253272600903e-01,9.077810484770207659e-04
5.860914115250788018e+04,1.001316034818168887e+00,9.082225690300394297e-04
5.860918281919354195e+04,9.898903069729019233e-01,9.086352062474726361e-04
5.861455779590039310e+04,1.006569248493769164e+00,1.054636574938456507e-03
5.861457862904787908e+04,1.011903927436351047e+00,1.051838759758313155e-03
5.861459946219322592e+04,1.010584723322396794e+00,1.051083727891933542e-03
5.861462029533661553e+04,1.012103903404195648e+00,1.050779101930356249e-03
5.861466196161841799e+04,9.997872976523165534e-01,1.047314437577514948e-03
5.861470362789521459e+04,1.006376077040975536e+00,1.041325470329901390e-03
5.861472446103238326e+04,1.011277505223874051e+00,1.038572599722898272e-03
5.861474529416909354e+04,1.010783819729168975e+00,1.034100775826342659e-03
5.861476612730559282e+04,1.012950707201176748e+00,1.035854595007004936e-03
5.861478696044215030e+04,1.002773142375931847e+00,1.030771519152391420e-03
5.861480779357900610e+04,1.011736460903350343e+00,1.028483986248502095e-03
5.861482862671638577e+04,1.004675892553566596e+00,1.027073903556757067e-03
5.861484945985449303e+04,1.005075090133968452e+00,1.027051345679493889e-03
5.861487029299350979e+04,9.986299223204777586e-01,1.026877870722339540e-03
5.861489112613359612e+04,1.004845644130074600e+00,1.025920306008852633e-03
5.861491195927487570e+04,1.010575771108247034e+00,1.025728426864808097e-03
5.861493279241745040e+04,9.999019749365881671e-01,1.021328547642246388e-03
5.861495362556136388e+04,1.003187537563074105e+00,1.019467566935126478e-03
5.861497445870665251e+04,1.008147040180225051e+00,1.017984914716964706e-03
5.861499529185330903e+04,1.004010460773448354e+00,1.015456319493926842e-03
5.861501612500128249e+04,1.010995956026900178e+00,1.013216131781636761e-03
5.861503695815050742e+04,1.004299556297963081e+00,1.010984733991450446e-03
5.861505779130086739e+04,1.005213408776486794e+00,1.008195356161973536e-03
5.861507862445221690e+04,9.930040501837255063e-01,1.005736032547249748e-03
5.861509945760438859e+04,1.010116533481805190e+00,1.003217322603362251e-03
5.861512029075719329e+04,1.011977384180398731e+00,9.998173009429813223e-04
5.861514112391041272e+04,1.002196756683982226e+00,9.993757701959526344e-04
5.861516195706380677e+04,9.968603925610730609e-01,9.965427017691722879e-04
5.861518279021712806e+04,9.975587458775126981e-01,9.949038777150827958e-04
5.861520362337012193e+04,1.002805462405441439e+00,9.920772336887923384e-04
5.861522445652251918e+04,1.004712513158171339e+00,9.909971271390815694e-04
5.861524528967405786e+04,9.965881482465754893e-01,9.894444776685261747e-04
5.861528695597349724e+04,1.007902936196410471e+00,9.831782698565588903e-04
5.861530778912091046e+04,9.913597774002760321e-01,9.816848324052593333e-04
5.861532862226647558e+04,9.903766380144114478e-01,9.775752681912158217e-04
5.861534945540998888e+04,9.947534728330802434e-01,9.740745170670724387e-04
5.861537028855127573e+04,9.952083577101008549e-01,9.705153152975073147e-04
5.861539112169017608e+04,9.932745918901767501e-01,9.683117806979030457e-04
5.861541195482657349e+04,9.951727808482120352e-01,9.649805942336999462e-04
5.861543278796036611e+04,1.007575811938199672e+00,9.635254076758096838e-04
5.861545362109149573e+04,9.903329987916860144e-01,9.615465414167561264e-04
5.861547445421994780e+04,9.933060321052112895e-01,9.596250355671998760e-04
5.861549528734572959e+04,9.979153701949883271e-01,9.581052331881274474e-04
5.861551612046889204e+04,9.923930606252131525e-01,9.569128932083372386e-04
5.861553695358950063e+04,9.938983939982252158e-01,9.557339924213093625e-04
5.861555778670767177e+04,9.952986531243677160e-01,9.559052318796060687e-04
5.861559945293732744e+04,9.916714934328012543e-01,9.531517534458547065e-04
5.861562028604916850e+04,9.919923741963022623e-01,9.517866770414258907e-04
5.861564111915930698e+04,9.972295643628283912e-01,9.516554015679880990e-04
5.861568278537542210e+04,1.006853128290201349e+00,9.493866793195492688e-04
5.861570361848190805e+04,9.933425094460118787e-01,9.483547415243999282e-04
5.861572445158771006e+04,9.967679843479946289e-01,9.473487898179478979e-04
5.861574528469308279e+04,9.939118392805366131e-01,9.455645100890422688e-04
5.861576611779828818e+04,9.977634837794407963e-01,9.445995306185046066e-04
5.861578695090358087e+04,9.942616822074759053e-01,9.443991085972703453e-04
5.861580778400920099e+04,9.932004603500345086e-01,9.427912379397863701e-04
5.861582861711538135e+04,1.003525034624280776e+00,9.425933653594812008e-04
5.861584945022231841e+04,1.002759541722704650e+00,9.417966337452802735e-04
5.861587028333019407e+04,9.963650399491486009e-01,9.422030921692958142e-04
5.861589111643915385e+04,1.007779060539909288e+00,9.443435644119922354e-04
5.861591194954932143e+04,9.903870248410998611e-01,9.419235549260626759e-04
5.861593278266079142e+04,1.001617248927598736e+00,9.427551759259495713e-04
5.861595361577362200e+04,9.919758629262332983e-01,9.409791619645969983e-04
5.861597444888782047e+04,9.901829698534667656e-01,9.396707281220127500e-04
5.861599528200339410e+04,9.959677889756671787e-01,9.394120053390999682e-04
5.861601611512027739e+04,1.002342789617058028e+00,9.379010390509988620e-04
5.861603694823839760e+04,9.963543679869146796e-01,9.359979213714342706e-04
5.861605778135763831e+04,1.004770494397130953e+00,9.358118729347856971e-04
5.861607861447785399e+04,9.907440546804999748e-01,9.339264204429362877e-04
5.861609944759887003e+04,9.884527642546537818e-01,9.340357905514312274e-04
5.861612028072049725e+04,9.888713670269184686e-01,9.320626959432297973e-04
5.861614111384250282e+04,9.962053468441042225e-01,9.317751906603252308e-04
5.861616194696466118e+04,1.005695653853797555e+00,9.317082734508573940e-04
5.861618278008671768e+04,9.960732604250083222e-01,9.295384980085351703e-04
5.861620361320841039e+04,9.922881181976993537e-01,9.282432166956411769e-04
5.861622444632947008e+04,9.923029194917809548e-01,9.274305846579930556e-04
5.861624527944964211e+04,9.945276132088166632e-01,9.254607241722247017e-04
5.861626611256865726e+04,1.001030724105721470e+00,9.253113764313197678e-04
5.861628694568626088e+04,9.944034000028320053e-01,9.251574615268060497e-04
5.861630777880222013e+04,9.949283114334693812e-01,9.225535678905452458e-04
5.861632861191630218e+04,9.980978547637259224e-01,9.209350522936341626e-04
5.861637027813808527e+04,1.005029594491239298e+00,9.181103379692776489e-04
5.861639111124545161e+04,9.970565142153774429e-01,9.169817023937586967e-04
5.861641194435029320e+04,9.931312994127338145e-01,9.160046913745026722e-04
5.861643277745252999e+04,1.004475988025696820e+00,9.146941989209313433e-04
5.861645361055211106e+04,1.000237695670809002e+00,9.137648603718990115e-04
5.861647444364900730e+04,1.000269004469279022e+00,9.132147263541664584e-04
5.861649527674324054e+04,9.904348328427550197e-01,9.119624382826730605e-04
5.861651610983486171e+04,9.996192464516073795e-01,9.107283325923274568e-04
5.861653694292394357e+04,9.973836748822036968e-01,9.110425685281134042e-04
5.861655777601062437e+04,9.954355825723647522e-01,9.082860922698516009e-04
5.861657860909502779e+04,9.953183053848282391e-01,9.101642165140327043e-04
5.861659944217734301e+04,1.000606721372806041e+00,9.076606100649710004e-04
5.861662027525776648e+04,1.002012028501830798e+00,9.083618813934881417e-04
5.861664110833650921e+04,9.921519209772468040e-01,9.051273097408950785e-04
5.861666194141382584e+04,9.877391397902391956e-01,9.055049509649224860e-04
5.861668277448995650e+04,9.961933167325904837e-01,9.036228498916054185e-04
5.861670360756516311e+04,9.962142102647140174e-01,9.016796492040817261e-04
5.861672444063972216e+04,9.901625310520302259e-01,9.024124071204025002e-04
5.861676610678792349e+04,9.888325136262456905e-01,8.990889956867875038e-04
5.861678693986208236e+04,9.946275181981751867e-01,8.973213925168567690e-04
5.861682860601170978e+04,9.958922644671938107e-01,8.971651834079098515e-04
5.861684943908760761e+04,9.961622083308728781e-01,8.959300286336289651e-04
5.861687027216445858e+04,9.907509362362559857e-01,8.956800900161127716e-04
5.861689110524242278e+04,1.010825659928753506e+00,8.943728929294904881e-04
5.861691193832160934e+04,1.000059492527212823e+00,8.938649930330655729e-04
5.861693277140211285e+04,9.877698970011764557e-01,8.928138284778814639e-04
5.861695360448397696e+04,1.002979568027088542e+00,8.926308685981228404e-04
5.861697443756721623e+04,9.974334360676770928e-01,8.918308479055367215e-04
5.861699527065183065e+04,9.880115200702808131e-01,8.925189815314802473e-04
5.861701610373774747e+04,9.921426654224974051e-01,8.903250404017516847e-04
5.861703693682488665e+04,1.004042058183887143e+00,8.893514501886159085e-04
5.861705776991313178e+04,1.004087932210592005e+00,8.902705105344008597e-04
5.861709943609232869e+04,9.894169538945740694e-01,8.864368374305087216e-04
5.861712026918289484e+04,9.941998383073517020e-01,8.866566505400294953e-04
5.861716193536485662e+04,9.933581601030567754e-01,8.861374971048729477e-04
5.861720360154627997e+04,1.001818392813409231e+00,8.851543487216779202e-04
5.861722443463613308e+04,1.010892120732108879e+00,8.844540859020322450e-04
5.861724526772506215e+04,1.003532445642193460e+00,8.834979293985108575e-04
5.861726610081280523e+04,1.007527121085419086e+00,8.829218474628109173e-04
5.861728693389911496e+04,1.009485992989012759e+00,8.840923170781299790e-04
5.861730776698373666e+04,1.010604878482194602e+00,8.836385718498293834e-04
5.861732860006647388e+04,1.007954786330874875e+00,8.828483723329774800e-04
5.861734943314710836e+04,1.008139471784026853e+00,8.827473970290883407e-04
5.861737026622548001e+04,1.008775409423106728e+00,8.856096466339280276e-04
5.861739109930143604e+04,1.012198006096910685e+00,8.823839568281329317e-04
5.861741193237486004e+04,9.963178498818116013e-01,8.831320388713031089e-04
5.861743276544567198e+04,9.942512677953467826e-01,8.842648108760449693e-04
5.861745359851382091e+04,1.011480431444573558e+00,8.824980200368223596e-04
5.861747443157929229e+04,9.978517980207924909e-01,8.837819490952893804e-04
5.861749526464210794e+04,9.908120210905828618e-01,8.846603062696510285e-04
5.861751609770231880e+04,9.955802280134214977e-01,8.847880721673188464e-04
5.861753693076001946e+04,1.008209014019253669e+00,8.842013845482750998e-04
5.861755776381532633e+04,9.922258869030295969e-01,8.843294500167765519e-04
5.861757859686838492e+04,1.004442019458993585e+00,8.855809739891312791e-04
5.861759942991937714e+04,1.009442946707305833e+00,8.864854002401049548e-04
5.861762026296851400e+04,1.003689747558442313e+00,8.857475229583701730e-04
5.861764109601600649e+04,1.003203573030496010e+00,8.857507034026597219e-04
5.861766192906210199e+04,1.002623174658412442e+00,8.863276959336946915e-04
5.861768276210704789e+04,1.002883780372366473e+00,8.888709890112654003e-04
5.861770359515111340e+04,9.972918968030003439e-01,8.893040224776133530e-04
5.861772442819456046e+04,1.003621373302943098e+00,8.883017951700933768e-04
5.861774526123765099e+04,1.007571344217061293e+00,8.887270183385762804e-04
5.861776609428065422e+04,9.955841834535994472e-01,8.904487140148443841e-04
5.861778692732381751e+04,9.963428816315835768e-01,8.911000519131989216e-04
5.861784942645653064e+04,1.004488668422433451e+00,8.933209549357631332e-04
5.861787025950249517e+04,9.922291728333194616e-01,8.965069053051471842e-04
5.861795359169863514e+04,1.012666439891297898e+00,8.971047242892880727e-04
5.861797442475104617e+04,9.947076354234597462e-01,8.980949172853338420e-04
5.861799525780482509e+04,1.002395221387496260e+00,8.982573518710265268e-04
5.861801609085990640e+04,9.919744879956913231e-01,8.996750103187561116e-04
5.861803692391620280e+04,1.001570487585605740e+00,8.993901178128129109e-04
5.861805775697358331e+04,9.945922248554469602e-01,9.007573511736596730e-04
5.861807859003190970e+04,9.979067830899635005e-01,9.007819983100193075e-04
5.861809942309099279e+04,9.937228878575594671e-01,9.016837600544464837e-04
5.861812025615062885e+04,9.959508025730788860e-01,9.022485485599621288e-04
5.861814108921059233e+04,9.939548011900871671e-01,9.026287368609622669e-04
5.861816192227065039e+04,9.957021837138350095e-01,9.040753783820386531e-04
5.861818275533054111e+04,1.000696899019921871e+00,9.032624138085471608e-04
5.861820358839000983e+04,9.953120819103336014e-01,9.039671755795063244e-04
5.861822442144878005e+04,9.909099551616269430e-01,9.048511940788571796e-04
5.861824525450659712e+04,9.905235459079175797e-01,9.046048961734215379e-04
5.861826608756319183e+04,9.955919777692124883e-01,9.054090086344802066e-04
5.861828692061832407e+04,9.960157840470441615e-01,9.045446991395739980e-04
5.861830775367175374e+04,1.009405705236524842e+00,9.068584301272247144e-04
5.861832858672326256e+04,1.007805173017983336e+00,9.070420665793927631e-04
5.861834941977265407e+04,9.973289342525512025e-01,9.087568845694359672e-04
5.861837025281975366e+04,9.950571432741230904e-01,9.076979030107413301e-04
5.861839108586443035e+04,9.966067908647660012e-01,9.077040745578694898e-04
5.861841191890656773e+04,9.961163704561475374e-01,9.094510800426475628e-04
5.861843275194608577e+04,1.000673804147311330e+00,9.089825833767471025e-04
5.861845358498294081e+04,1.012421231650903142e+00,9.087709227817900417e-04
5.861847441801711830e+04,9.974450898422438927e-01,9.107448885576698320e-04
5.861849525104864733e+04,1.010595613757634181e+00,9.093740135518619009e-04
5.861851608407759340e+04,1.000291163355454316e+00,9.097195567048085765e-04
5.861853691710403655e+04,1.012075136063041114e+00,9.097108832316477475e-04
5.861855775012810045e+04,1.007501532177910608e+00,9.101056196560430855e-04
5.861857858314995246e+04,1.007613770245157969e+00,9.102544878152275462e-04
5.861859941616976721e+04,1.006532962970775769e+00,9.111297600140023586e-04
5.861864108220412891e+04,1.011882612526702863e+00,9.132066225676679482e-04
5.861868274823304091e+04,1.005543504726406745e+00,9.118436974398329547e-04
5.861870358124610357e+04,1.011764850881188726e+00,9.118477553983887242e-04
5.861872441425857687e+04,1.007796668408882601e+00,9.115964389571465419e-04
5.861874524727073731e+04,1.009527838350621654e+00,9.109123353380352761e-04
5.861878691329514550e+04,1.012006034311043745e+00,9.115787952754321162e-04
5.861884941233545396e+04,1.009386299523512553e+00,9.143583473828521824e-04
5.861889107836704352e+04,1.009868106422637579e+00,9.116037650509007566e-04
5.861891191138466820e+04,1.007339604388513443e+00,9.109447467723414587e-04
5.861893274440363166e+04,1.008649449977963242e+00,9.109493536315150033e-04
5.861895357742396300e+04,1.005528628466453522e+00,9.104213521273033525e-04
5.861897441044568404e+04,1.006720295995580772e+00,9.130565271585342531e-04
5.861899524346876569e+04,9.972452218028449167e-01,9.115068875527913232e-04
5.861901607649314246e+04,1.002677729215942559e+00,9.111645479583931843e-04
5.861903690951871977e+04,1.000080754864734800e+00,9.102399696552541724e-04
5.861905774254537391e+04,1.001012576447513514e+00,9.097673939586347226e-04
5.861907857557294483e+04,9.963746858073991852e-01,9.095976457196269099e-04
5.861909940860125062e+04,9.982108304915923158e-01,9.097827841089546706e-04
5.861912024163008755e+04,9.936633616749870335e-01,9.094864921452065721e-04
5.861914107465923007e+04,9.999398104959785760e-01,9.088754258106577447e-04
5.861916190768843080e+04,9.966021314527490071e-01,9.095013979882014821e-04
5.861934940491134330e+04,9.904568894383894984e-01,9.076615120453665388e-04
5.861937023792731634e+04,9.903239176721453374e-01,9.058325206907754052e-04
5.861939107094084466e+04,1.000277651013479208e+00,9.067539719036149309e-04
5.861941190395182639e+04,9.923390036336189324e-01,9.051319248429782333e-04
5.861943273696018150e+04,9.929983716507437830e-01,9.048004322841081241e-04
5.861949523596926883e+04,9.934016091761758149e-01,9.054793787283736900e-04
5.861951606896707381e+04,9.969213850594169646e-01,9.037873223390021412e-04
5.861953690196239768e+04,1.001544430384659012e+00,9.044570581521829428e-04
5.861955773495537142e+04,9.912521172611228337e-01,9.047176256699862845e-04
5.861959940093492332e+04,9.989321823043564308e-01,9.025100322734367752e-04
5.861962023392188712e+04,9.918100959746884993e-01,9.021577691390759990e-04
5.861966189989135455e+04,9.907552979032632212e-01,9.022648028639925800e-04
5.861968273287435295e+04,1.011220608997452031e+00,9.008771024535116179e-04
5.861970356585653644e+04,1.002743107974262138e+00,8.998279897575110460e-04
5.861972439883818151e+04,9.996762156039952218e-01,9.013671768706606191e-04
5.861974523181955010e+04,9.965873969011564970e-01,8.991837196995443315e-04
5.861976606480089686e+04,1.011881832767571820e+00,8.981807172976183796e-04
5.861978689778246917e+04,9.939537567704262999e-01,8.968411470741503855e-04
5.861980773076450714e+04,1.005608783429261077e+00,8.966715614751409385e-04
5.861982856374721450e+04,9.993255952972835976e-01,8.955322399272027702e-04
5.861984939673078770e+04,1.001951515382192293e+00,8.957813058555366519e-04
5.861987022971539409e+04,1.006497450341901745e+00,8.943181413435559576e-04
5.861989106270117190e+04,1.006331876433393058e+00,8.939966568288944260e-04
5.861991189568821574e+04,1.006812664648448097e+00,8.930395936389332436e-04
5.861993272867660562e+04,1.009718583651487700e+00,8.924418975404931021e-04
5.861995356166637794e+04,9.967421206961066815e-01,8.932111534521455050e-04
5.861997439465753996e+04,1.004468952089076383e+00,8.911252555154691246e-04
5.861999522765004804e+04,1.007151018773785323e+00,8.905219963900645524e-04
5.862001606064385123e+04,1.004540659656275592e+00,8.897390042797796153e-04
5.862003689363884041e+04,9.919196703340729115e-01,8.907461278864664848e-04
5.862005772663489188e+04,9.946926055478565454e-01,8.889924792148791661e-04
5.862007855963184556e+04,9.948278588287580160e-01,8.876132463256539802e-04
5.862009939262950502e+04,1.012094223463847031e+00,8.878322381349937863e-04
5.862012022562767379e+04,9.990640127245081770e-01,8.866059449352260398e-04
5.862014105862611177e+04,1.002660172744990863e+00,8.873031581859224621e-04
5.862016189162458613e+04,9.982329216359041579e-01,8.856952077415672581e-04
5.862018272462282766e+04,1.009106343656682725e+00,8.865571924043948822e-04
5.862022439061757177e+04,9.931470299136637703e-01,8.840457228879523757e-04
5.862026605660824134e+04,9.995232334986992040e-01,8.832121542409738070e-04
5.862028688960141881e+04,1.001316882253447282e+00,8.838724059446281291e-04
5.862030772259282821e+04,9.964606784251631710e-01,8.830598879436974682e-04
5.862037022155453451e+04,9.977004171337109373e-01,8.819005696015559410e-04
5.862039105453704542e+04,9.902052782632178030e-01,8.824850978994174325e-04
5.862041188751699519e+04,9.996363352917234657e-01,8.819596004784036308e-04
5.862043272049432562e+04,9.884709937766454901e-01,8.820724615452653523e-04
5.862047438644098293e+04,9.980648583559433851e-01,8.817690077519213044e-04
5.862049521941034618e+04,9.922092372381724479e-01,8.818650877751001366e-04
5.862051605237714102e+04,9.884122476298352611e-01,8.824817303695561312e-04
5.862055771830349113e+04,1.001461465675748341e+00,8.819711635182447915e-04
5.862057855126333016e+04,9.898652466902853053e-01,8.814851512287889259e-04
5.862062021717728203e+04,1.007833468934216103e+00,8.820257898880332764e-04
5.862064105013183143e+04,1.012771556741123957e+00,8.826621417466135652e-04
5.862066188308509300e+04,1.012095737010619168e+00,8.828783968950970010e-04
5.862072438193971902e+04,1.011634162714003526e+00,8.837672002938129316e-04
5.862078688079213316e+04,1.006782363775206690e+00,8.853839745887931347e-04
5.862080771374361211e+04,1.010410258514045534e+00,8.855114831951087749e-04
5.862082854669578956e+04,1.000040240247610956e+00,8.880676828410458395e-04
5.862084937964886194e+04,9.945849518234641806e-01,8.876003986583143671e-04
5.862087021260298934e+04,9.971102168111642960e-01,8.881098488097405839e-04
5.862089104555830272e+04,9.973974859243102120e-01,8.881853346126207006e-04
5.862093271147285122e+04,1.006881879018409975e+00,8.890597257111089230e-04
5.862097437739291490e+04,1.002727342411962042e+00,8.946974989712227003e-04
5.862099521035498765e+04,1.011398075041773037e+00,8.938621371459803781e-04
5.862101604331834824e+04,1.013054699577816686e+00,8.944506753593410185e-04
5.862103687628288026e+04,1.000247229482680744e+00,8.945503152056614093e-04
5.862105770924845274e+04,1.003410015974887548e+00,8.949673546412342242e-04
5.862107854221491289e+04,9.944617994284805640e-01,8.956651124973342808e-04
5.862109937518205697e+04,9.896815847453800385e-01,8.972832875316879338e-04
5.862112020814967400e+04,9.985013915531011364e-01,8.980124255563116595e-04
5.862114104111754568e+04,9.942375102522987840e-01,8.978520431636124229e-04
5.862118270705301256e+04,9.946963234696127865e-01,8.996062714374281500e-04
5.862120354002009844e+04,9.914992794956104527e-01,8.996199293461850169e-04
5.862124520595163631e+04,9.878319770411103651e-01,9.016233393914115102e-04
5.862126603891557170e+04,9.970148994302709955e-01,9.028211522603355734e-04
5.862128687187795003e+04,9.947189061917495190e-01,9.022532855587992590e-04
5.862130770483855304e+04,9.926652407724702032e-01,9.026289939658688590e-04
5.862132853779715515e+04,9.929544702849512072e-01,9.038961029510803394e-04
5.862134937075358175e+04,9.963114696709549634e-01,9.040253003634866110e-04
5.862137020370767277e+04,9.933176072637133203e-01,9.045099915588652442e-04
5.862139103665929724e+04,9.976508919379319940e-01,9.059586953549666425e-04
5.862141186960835330e+04,9.952860608336852044e-01,9.056454857067499460e-04
5.862143270255477546e+04,9.954493347368941203e-01,9.061884630163994639e-04
5.862145353549853462e+04,9.933105518084126562e-01,9.063166863888255523e-04
5.862147436843963078e+04,1.002442588164426995e+00,9.065833039007686759e-04
5.862149520137810759e+04,9.982916702898742001e-01,9.072420370530195595e-04
5.862153686724751606e+04,9.992384697321431419e-01,9.078057250517251745e-04
5.862155770017869509e+04,9.982621373433885337e-01,9.091247715880095004e-04
5.862157853310772771e+04,1.006681823042377300e+00,9.094005253884275206e-04
5.862159936603481037e+04,9.994167141456619108e-01,9.097177568242039922e-04
5.862162019896015408e+04,9.937441560089587123e-01,9.093285588398931354e-04
5.862164103188399895e+04,1.006117526609220159e+00,9.096445610245983398e-04
5.862166186480657780e+04,9.985975850311570312e-01,9.112870699033039481e-04
5.862168269772815984e+04,1.006635336007536186e+00,9.101784384146754253e-04
5.862170353064901428e+04,1.008491013258004942e+00,9.112133139348910140e-04
5.862172436356939579e+04,1.008752433155184258e+00,9.115898270362712569e-04
5.862174519648957357e+04,1.011951404478194538e+00,9.115057135598250053e-04
5.862176602940980956e+04,1.008686622473171868e+00,9.114673882241002261e-04
5.862178686233033659e+04,1.006567404100276564e+00,9.119301761220901430e-04
5.862180769525138749e+04,1.007852824266311842e+00,9.131881346531631844e-04
5.862182852817316598e+04,1.007840950113200851e+00,9.123914504488593374e-04
5.862187019401964062e+04,1.006831689569783084e+00,9.136992769112225977e-04
5.862189102694462053e+04,9.984398889497274610e-01,9.141605541386940400e-04
5.862191185987089557e+04,1.001222240715197387e+00,9.131667520202690598e-04
5.862193269279853848e+04,9.960005298123213446e-01,9.134408339450149957e-04
5.862195352572757110e+04,9.909337897148751129e-01,9.136837763457665226e-04
5.862197435865798616e+04,9.996470330437464691e-01,9.140959370123657784e-04
5.862199519158975454e+04,1.005142950472453389e+00,9.133786643484442672e-04
5.862201602452278894e+04,9.966898416345296718e-01,9.136702440030742547e-04
5.862203685745698749e+04,1.001943978403708080e+00,9.137894035740978891e-04
5.862205769039221195e+04,9.932183819993566365e-01,9.155433645691060229e-04
5.862207852332829498e+04,1.010715699498331288e+00,9.140946746657092111e-04
5.862209935626504011e+04,9.945583298528656302e-01,9.134319205710246048e-04
5.862212018920224364e+04,9.947490785790245038e-01,9.130408815343745224e-04
5.862214102213965816e+04,1.002160040335305036e+00,9.127778452279923386e-04
5.862216185507704358e+04,1.003424056738721148e+00,9.128392012518292539e-04
5.862218268801413069e+04,1.008807961556754673e+00,9.127324470252778802e-04
5.862220352095067210e+04,1.009022766675361060e+00,9.136774194151672020e-04
5.862222435388639133e+04,9.994937039856129912e-01,9.122863114518758995e-04
5.862224518682101916e+04,1.005256953366144845e+00,9.154540443418527880e-04
5.862226601975431549e+04,9.939475154827531744e-01,9.119722071868077923e-04
5.862228685268602567e+04,9.937621380546931560e-01,9.115126019066014480e-04
5.862230768561593140e+04,1.001540105955804449e+00,9.112529091672961178e-04
5.862232851854382170e+04,9.912923106489645031e-01,9.106427945421500907e-04
5.862234935146950738e+04,9.926071583985976998e-01,9.124403910629926831e-04
5.862237018439284293e+04,9.974591720608468881e-01,9.113446288018168433e-04
5.862241185023198341e+04,9.954912239638695759e-01,9.100351751900392439e-04
5.862243268314762827e+04,1.002103152868453861e+00,9.104100371386984270e-04
5.862245351606061013e+04,9.878202930918084101e-01,9.104909100191259375e-04
5.862251601478383236e+04,9.893909012407505754e-01,9.093685196922596291e-04
5.862253684768659150e+04,9.938796578223009215e-01,9.093764521060044778e-04
5.862257851348541590e+04,9.888046827767575930e-01,9.082342590592480712e-04
5.862259934638185223e+04,9.881352615726651800e-01,9.078876748716574897e-04
5.862262017927657871e+04,9.981430957220672751e-01,9.078810075386270885e-04
5.862264101216983545e+04,9.949905147535277328e-01,9.078140474747219135e-04
5.862266184506186983e+04,9.952651482326250187e-01,9.076515618025876196e-04
5.862268267795294378e+04,9.948435717764539943e-01,9.067199603139152516e-04
5.862270351084332651e+04,1.000935367060273196e+00,9.068524945154992798e-04
5.862272434373327269e+04,9.891046746890127528e-01,9.076705389021586445e-04
5.862274517662305152e+04,9.955972153118423096e-01,9.063606065115523960e-04
5.862276600951291766e+04,9.930368121724559849e-01,9.059366439865134020e-04
5.862278684240311850e+04,9.895455046621098871e-01,9.055511101560266519e-04
5.862280767529387231e+04,9.944964507246165653e-01,9.049749055659086225e-04
5.862282850818538282e+04,1.004523749311661440e+00,9.050618696190143586e-04
5.862284934107783920e+04,1.005139336976618392e+00,9.036872172027084248e-04
5.862287017397138698e+04,9.939470646854490221e-01,9.041901273733688252e-04
5.862289100686615711e+04,1.011505763611879383e+00,9.032525792532912793e-04
5.862291183976223692e+04,1.009553682105991612e+00,9.031329787809715950e-04
5.862293267265969189e+04,1.004415901421213508e+00,9.019778123956974673e-04
5.862295350555854384e+04,1.001832725193087859e+00,9.014845731695134015e-04
5.862297433845877822e+04,1.003844562868334123e+00,9.002693006029890976e-04
5.862299517136035138e+04,1.005562583037422630e+00,9.010026903750054583e-04
