HJD,mag,emag
56091.9949940001,12.359364,0.013551
56091.9950979999,12.34963,0.013492
56091.9951909999,12.359586,0.013436
56097.9706080002,12.35499,0.014225
56097.970712,12.352654,0.014126
56097.9708039998,12.332604,0.01383
56098.9704220002,12.302768,0.016131
56099.9705730001,12.325615,0.013452
56099.9707,12.349056,0.013777
56099.9708039998,12.263593,0.012629
56100.9704570002,12.31493,0.013662
56100.9705610001,12.345114,0.014221
56100.9706540001,12.208478,0.01242
56101.9707579999,12.372816,0.014006
56101.9708619998,12.37715,0.014002
56101.9709549998,12.370969,0.014044
56102.9709549998,12.368679,0.013401
56102.971047,12.355092,0.013374
56102.97114,12.350034,0.013416
56104.145666,12.427761,0.013682
56104.1457580002,12.371906,0.013385
56104.1458510002,12.378234,0.013419
56104.9718809999,12.314817,0.0128
56104.9719730001,12.334959,0.01284
56104.9720660001,12.28929,0.012629
56109.9730150001,12.310231,0.014665
56109.973119,12.311984,0.014499
56109.973212,12.341544,0.014605
56110.9729920002,12.32488,0.013131
56110.973096,12.331757,0.013764
56110.9731999999,12.309701,0.013388
56113.052656,12.350369,0.015114
56113.052749,12.378117,0.015076
56114.2122510001,12.319072,0.015321
56114.2123440001,12.403109,0.015695
56114.2124359999,12.404802,0.015898
56114.9739990002,12.328495,0.014118
56114.9740909999,12.303682,0.013666
56114.9741839999,12.311174,0.01372
56115.97401,12.30917,0.014139
56115.9741150001,12.328398,0.013876
56115.9742069999,12.320776,0.013884
56116.974554,12.34297,0.013264
56116.9746590001,12.328058,0.013115
56116.9747509998,12.303675,0.013096
56117.9745780001,12.302547,0.01265
56117.9746699999,12.313206,0.01275
56117.9747629999,12.285328,0.012645
56118.9751909999,12.226487,0.012385
56118.9752949998,12.242816,0.012354
56118.9753879998,12.273595,0.012462
56120.1198669998,12.353517,0.013859
56120.119959,12.372879,0.014062
56120.1200410002,12.397199,0.014092
56123.1360709998,12.325457,0.012837
56123.136163,12.322845,0.013232
56123.136256,12.359596,0.013377
56123.9765570001,12.330187,0.012605
56123.9766489998,12.333408,0.01269
56123.9767419999,12.413098,0.013558
56124.9771699999,12.426569,0.01379
56124.9772629999,12.389064,0.013607
56124.9773550001,12.384196,0.013671
56125.9775169999,12.385561,0.01338
56125.977622,12.36577,0.0133
56125.9777139998,12.398351,0.013449
56127.9782349998,12.337949,0.014631
56127.9783279998,12.29171,0.014439
56127.9784090002,12.309093,0.014418
56129.9788719998,12.25339,0.013668
56129.978964,12.432349,0.016014
56129.979057,12.380555,0.018045
56131.0107229999,12.337722,0.01287
56131.010828,12.348896,0.012885
56131.0109089999,12.33383,0.012748
56131.9789410001,12.349672,0.012748
56131.9790449999,12.364195,0.012776
56131.9791259998,12.335699,0.012667
56132.97945,12.307495,0.012598
56132.979543,12.336123,0.012551
56132.9796350002,12.361312,0.012998
56134.9797510002,12.342506,0.012694
56134.979855,12.365579,0.012876
56134.979936,12.319629,0.012742
56135.9805029999,12.368803,0.014656
56135.980608,12.403214,0.015022
56135.9807000002,12.381304,0.014761
56137.0431189998,12.354353,0.014095
56137.0432230001,12.37722,0.014253
56137.0433390001,12.376682,0.014141
56137.9807350002,12.381313,0.014371
56137.980862,12.363833,0.014243
56137.980955,12.36286,0.014203
56138.981071,12.308361,0.014068
56138.9811860002,12.327604,0.014228
56138.9812909998,12.337283,0.014142
56139.9813140002,12.408486,0.014757
56139.981441,12.352666,0.014548
56139.9815449999,12.400839,0.015702
56146.1315569999,12.280443,0.013288
56146.1316610002,12.272883,0.013043
56146.1317650001,12.282203,0.013198
56146.9840569999,12.453883,0.01537
56146.9841490001,12.504128,0.015684
56147.984462,12.357865,0.013159
56147.9845540002,12.351315,0.01299
56147.9846589998,12.408607,0.013336
56148.984797,12.37123,0.013135
56148.98489,12.380899,0.01331
56148.984983,12.342272,0.013094
56150.9853650001,12.334527,0.012889
56150.9854569999,12.323133,0.012851
56150.9855499999,12.312508,0.012786
56151.9854339999,12.286299,0.012565
56151.9855269999,12.319238,0.012763
56151.9856190002,12.281906,0.012622
56153.9863720001,12.341725,0.012799
56153.9864639998,12.374937,0.012916
56153.9865569999,12.365153,0.012851
56157.9879569998,12.298103,0.012446
56157.9880499998,12.26631,0.012301
56157.9881420001,12.320105,0.012641
56158.9880269999,12.365355,0.012816
56158.9881190001,12.350368,0.01273
56158.9882120001,12.354349,0.012708
56160.0016839998,12.430575,0.014471
56160.0017769998,12.454778,0.014702
56160.001869,12.441984,0.014521
56161.001557,12.344065,0.014174
56161.0016490002,12.357458,0.014346
56161.0017530001,12.363744,0.014256
56165.001013,12.356736,0.01286
56165.0011049998,12.375784,0.01301
56165.0012090001,12.340249,0.012837
56165.9899940002,12.360103,0.014081
56165.990098,12.361192,0.014043
56165.9902030001,12.357635,0.014239
56166.9904109999,12.332602,0.012831
56166.9905030001,12.335512,0.012815
56166.9905960001,12.313123,0.012833
56168.0690680002,12.377174,0.017579
56168.0691610002,12.373781,0.018449
56168.9910240001,12.363664,0.013539
56168.9911170001,12.410239,0.01376
56168.991221,12.371181,0.013529
56170.9918109998,12.37321,0.01401
56170.9919039998,12.353796,0.014154
56170.9919969998,12.337185,0.013922
56171.9926220002,12.274938,0.012691
56171.9927139999,12.402238,0.014253
56171.9928069999,12.240861,0.01275
56175.9935360001,12.359776,0.012784
56175.9936279999,12.313392,0.012627
56175.9937209999,12.28286,0.012638
56178.9982469999,12.323695,0.014469
56178.9983279998,12.393579,0.014713
56178.9984200001,12.382098,0.014802
56181.0289289998,12.342813,0.013619
56181.0290219998,12.353333,0.013652
56181.0291260001,12.34244,0.013553
56181.9958620002,12.334968,0.013196
56181.9959550002,12.328019,0.01305
56181.996059,12.374655,0.013332
56182.9962559999,12.277374,0.012888
56182.9963600002,12.283005,0.012722
56182.9964530002,12.309784,0.012839
56183.9968690001,12.326053,0.013252
56183.996973,12.351402,0.013163
56183.9970780001,12.325539,0.013187
56184.9969040002,12.321532,0.013248
56184.9970430001,12.312837,0.013225
56184.9971469999,12.334096,0.013155
56185.9974130001,12.315515,0.013215
56185.9975410001,12.327683,0.013202
56185.997645,12.376643,0.013342
56189.999578,12.3694,0.015427
56189.9996930002,12.347222,0.01546
56189.9998090002,12.368002,0.015593
56191.0000169999,12.35779,0.013914
56191.000122,12.356168,0.014005
56191.0002259999,12.356538,0.013894
56191.9999589999,12.286748,0.013008
56192.0000519999,12.285917,0.013004
56192.0001559998,12.325304,0.013192
56193.0230029998,12.306197,0.016809
56193.0231079999,12.308037,0.01696
56193.0232000002,12.349201,0.017523
56194.0129459999,12.386255,0.021105
56194.0130380001,12.331572,0.020404
56194.0131310001,12.318131,0.021085
56195.0010469998,12.404061,0.014611
56195.0011519999,12.375383,0.01441
56195.0012440002,12.370117,0.01442
56196.0023090001,12.344242,0.016117
56196.0024020001,12.298735,0.015924
56196.0024939999,12.346535,0.016072
56197.0024589999,12.381001,0.019478
56197.002541,12.400647,0.018287
56197.0026449999,12.399229,0.019135
56199.0038140002,12.307685,0.017102
56199.0039289999,12.362655,0.017315
56199.0040219999,12.28304,0.017052
57100.3644039999,12.386556,0.016809
57100.3645310002,12.352494,0.016776
57100.36467,12.378319,0.016792
57102.3615450002,12.322974,0.016476
57102.361672,12.2405,0.015819
57102.361788,12.267094,0.016487
57108.3738250001,12.271756,0.016135
57108.3739530002,12.286631,0.016255
57108.3740679999,12.332416,0.016409
57109.3742530001,12.358893,0.016732
57109.3743579998,12.340418,0.016718
57109.374473,12.390519,0.016841
57110.3750060001,12.362154,0.017045
57110.3751679999,12.343728,0.017116
57110.3752950002,12.386388,0.017172
57111.375341,12.317867,0.016637
57111.3755839998,12.292796,0.016473
57111.3757000002,12.307449,0.01648
57112.3761519999,12.373634,0.016518
57112.3763830001,12.338981,0.016153
57112.376499,12.330952,0.015767
57113.3765449999,12.279052,0.015653
57113.3766609998,12.274739,0.015656
57113.37695,12.234709,0.014851
57114.377506,12.308056,0.016004
57114.3776909998,12.252019,0.015726
57114.3778300001,12.284722,0.015981
57116.0075409999,12.180722,0.024283
57116.0077260002,12.163244,0.029577
57116.007853,12.340345,0.029932
57117.0083969999,12.378565,0.026903
57117.0085129999,12.284137,0.024863
57117.0086750002,12.350386,0.025268
57118.0091840001,12.297105,0.020692
57118.0093109999,12.326068,0.020859
57118.0094269998,12.393342,0.022829
57119.0595780001,12.333858,0.025272
57119.0598550001,12.42636,0.049885
57121.392089,12.349011,0.018178
57121.3922509998,12.305496,0.018036
57122.3927139998,12.396171,0.020763
57122.3928760001,12.417292,0.020457
57122.3931080001,12.300134,0.019358
57123.3933970002,12.308421,0.01605
57123.3936279998,12.266403,0.015792
57123.3937559999,12.316092,0.016054
57125.3942300002,12.535669,0.021328
57125.3943460002,12.511291,0.021046
57126.39445,12.354788,0.016953
57126.3945889999,12.311325,0.01676
57126.3947049999,12.285047,0.016664
57128.9899590001,12.511197,0.022284
57128.9900639998,12.586855,0.022795
57128.9901680001,12.569931,0.022394
57132.9880380002,12.686936,0.024577
57133.9894849998,12.510858,0.021823
57133.9895890001,12.455629,0.021406
57133.9897050001,12.453568,0.021257
57135.0489989999,12.441565,0.018831
57135.0491260001,12.423322,0.018804
57135.0492420001,12.372594,0.018469
57136.0492190002,12.513836,0.020431
57136.049323,12.475684,0.020068
57136.049439,12.528561,0.020546
57137.0741719999,12.322195,0.016276
57137.074277,12.230712,0.015855
57137.0743809999,12.256087,0.015868
57139.0241959998,12.40673,0.019043
57139.0243000002,12.388842,0.018966
57139.024404,12.437068,0.019326
57140.0260709999,12.411773,0.019805
57140.026325,12.400741,0.019694
57140.0264289998,12.501352,0.020342
57141.0269619999,12.482995,0.018819
57141.0270659998,12.41289,0.018232
57141.0271820002,12.407053,0.018464
57142.027309,12.39412,0.018768
57142.027425,12.462498,0.019172
57142.0275289998,12.395174,0.018733
57143.0277030002,12.421848,0.018077
57143.02783,12.394854,0.017934
57143.0279339999,12.392575,0.017704
57146.053663,12.399445,0.025378
57146.053791,12.433087,0.029324
57146.0538829998,12.446073,0.026909
57147.0541960001,12.422958,0.020852
57147.0543,12.42553,0.020735
57147.0544039998,12.244541,0.015175
57148.0548089999,12.359194,0.016778
57148.0549360001,12.367796,0.016833
57148.0550870001,12.271082,0.016378
57150.0568690002,12.489951,0.020427
57150.0569850002,12.49854,0.020607
57150.057089,12.535753,0.020729
57151.0580150001,12.481531,0.023048
57151.0581189999,12.461134,0.021904
57151.0582229998,12.501735,0.022154
57152.0581999999,12.399039,0.029555
57152.0583159998,12.416645,0.031473
57152.0584320002,12.492193,0.033136
57153.1652370002,12.415605,0.017791
57153.1653530002,12.46129,0.018011
57153.165515,12.394569,0.017683
57154.1659200001,12.378013,0.017246
57154.166094,12.398918,0.017522
57154.1662090002,12.304486,0.016976
57155.1663600001,12.433388,0.018289
57155.16658,12.434866,0.01838
57155.1667070002,12.449223,0.018465
57156.1670659999,12.479651,0.01859
57156.1672279998,12.455902,0.018388
57156.1673440002,12.372462,0.01797
57157.167564,12.467895,0.019004
57157.1676790002,12.443355,0.018957
57157.1677950001,12.431555,0.018722
57158.1683280002,12.417856,0.018177
57158.1684429999,12.453576,0.01833
57158.1685469998,12.412707,0.018093
57159.1686860002,12.433224,0.018335
57159.1688020001,12.429914,0.018432
57159.168906,12.477328,0.018426
57160.1693000002,12.461083,0.018897
57160.1694040001,12.46911,0.0188
57160.1694970001,12.465659,0.01894
57181.9967769999,12.392352,0.115669
57181.9969040002,12.391859,0.11391
57181.997031,12.393293,0.127277
57182.998038,12.380851,0.108711
57182.998166,12.388507,0.109058
57182.9982929998,12.39898,0.106946
57184.2703760001,12.283388,0.126307
57184.2705270001,12.352907,0.129257
57184.2706419998,12.406128,0.14517
57186.1112910002,12.369862,0.117414
57186.111418,12.368975,0.127794
57186.1115219998,12.369902,0.118363
57187.1115680002,12.355384,0.131041
57187.111672,12.356391,0.126549
57187.1117770001,12.401471,0.125065
57188.111823,12.407899,0.1451
57188.1119269999,12.429072,0.137423
57188.1120429998,12.427352,0.143355
57189.1130030002,12.326352,0.142758
57189.1131310002,12.396702,0.148151
57189.1132350001,12.366531,0.151794
57190.1389990002,12.371819,0.133191
57190.1391150001,12.33295,0.12688
57190.139219,12.390124,0.129891
57194.2551910002,12.374682,0.0206
57194.2553300001,12.472978,0.022263
57194.255446,12.460549,0.021964
57196.2584549999,12.504626,0.024789
57196.2585709998,12.475717,0.024945
57196.258686,12.433449,0.025007
57198.156256,12.418905,0.017446
57198.1563829999,12.464309,0.017612
57198.1564989998,12.463951,0.017664
57227.1661169999,12.301588,0.016155
57227.1662329999,12.266358,0.015806
57227.1663480001,12.27747,0.015964
57230.0604340001,12.296254,0.015584
57230.0605609999,12.30824,0.015429
57230.0606769999,12.305824,0.015482
57233.0496350001,12.314388,0.017581
57233.049751,12.259096,0.01689
57233.0498549999,12.339282,0.017569
57234.0503409999,12.342918,0.016481
57234.050446,12.358697,0.020695
57234.0505499998,12.300828,0.021465
57235.050816,12.35661,0.076757
57235.0509199998,12.597104,0.089312
57235.0510359998,12.080286,0.058713
57236.0512089999,12.453266,0.017052
57236.051314,12.334084,0.017218
57236.0514179999,12.268017,0.016913
57237.0966380001,12.259733,0.017756
57237.0967529998,12.267367,0.017803
57237.0968689998,12.268898,0.017553
57249.0193810002,12.523937,0.019409
57249.0194850001,12.586486,0.019861
57252.0237909998,12.407217,0.019507
57252.0238950001,12.444273,0.019866
57252.0239869999,12.489363,0.020131
57253.0241840002,12.368333,0.01396
57253.0242880001,12.335474,0.013847
57253.024404,12.313944,0.01386
57435.3742189999,12.419953,0.011579
57435.3743110001,12.400767,0.011435
57435.3744160002,12.419511,0.011499
57437.3166609998,12.334293,0.011311
57437.316753,12.358127,0.011386
57437.316846,12.355439,0.011398
57438.3172510001,12.403831,0.012047
57438.3173440001,12.401516,0.011999
57438.317448,12.42006,0.012146
57439.3179919999,12.369725,0.012031
57439.3180959998,12.360845,0.011956
57439.3182000001,12.357373,0.011853
57441.129404,12.369925,0.016667
57441.12952,12.42253,0.017488
57441.1296350001,12.378768,0.016664
57442.131302,12.398554,0.015928
57442.1314059999,12.359439,0.016645
57442.1315339999,12.396305,0.015789
57443.1336400001,12.286194,0.014361
57443.1337560001,12.334074,0.014666
57443.133872,12.310241,0.01428
57444.1355730002,12.380225,0.013073
57444.1356660002,12.330851,0.012717
57444.135758,12.461538,0.013381
57445.1375750001,12.404943,0.012352
57445.1376680001,12.36713,0.012178
57445.137784,12.391136,0.012249
57446.1389410002,12.31307,0.012047
57446.1390450001,12.389095,0.012377
57446.1391489999,12.30439,0.012085
57447.1401559999,12.388071,0.012387
57447.1402489999,12.364217,0.012367
57447.1403410002,12.413364,0.012556
57448.2136860001,12.385479,0.011913
57448.2137910002,12.440583,0.012158
57448.2138950001,12.429612,0.012179
57449.2141149999,12.424357,0.012365
57449.2142070001,12.294024,0.011412
57449.2143000001,12.30168,0.011362
57450.2146700001,12.328766,0.0115
57450.214774,12.334854,0.011513
57450.214867,12.316569,0.011472
57451.2159199999,12.420562,0.011801
57451.2160240002,12.389092,0.011741
57451.2161170002,12.371282,0.011669
57452.2163829999,12.369926,0.011694
57452.218779,12.369359,0.012038
57452.2188829998,12.378928,0.011899
57453.2169499998,12.344015,0.012097
57453.2170540001,12.347718,0.012123
57453.2171470001,12.335708,0.012061
57454.2402260001,12.418999,0.012294
57454.2403179999,12.429789,0.012327
57454.2404109999,12.414546,0.012217
57455.3753760001,12.251731,0.011762
57455.3754690001,12.239717,0.011909
57455.3755609998,12.219329,0.011759
57456.3765679998,12.212787,0.011609
57456.3766609998,12.176151,0.011519
57456.3767530001,12.194753,0.011579
57458.2289760001,12.397562,0.011592
57458.2291259998,12.398366,0.011695
57458.2292769998,12.377808,0.011581
57461.2157120002,12.38968,0.011581
57461.2158039999,12.394418,0.011536
57461.2277370002,12.420471,0.011829
57464.2338020001,12.437772,0.012846
57464.2338950001,12.448178,0.012855
57464.2339989999,12.438534,0.012793
57465.234439,12.363942,0.011634
57465.2345309998,12.371596,0.011665
57465.2346350001,12.352573,0.011628
57466.2350980002,11.89626,0.011759
57466.2352029998,12.029665,0.011786
57466.2353070001,12.020639,0.011748
57467.3859319999,12.441836,0.022449
57467.3860360002,11.853919,0.02043
57467.386128,12.145755,0.016685
57468.3871820001,12.276317,0.013345
57468.3872739999,12.250707,0.01347
57468.3873780002,12.278058,0.01411
57471.2660130002,12.41271,0.012226
57471.2661279999,12.417611,0.012259
57471.2662209999,12.397848,0.012183
57472.2669970002,12.324404,0.013051
57472.2671119999,12.349175,0.012891
57472.2672049999,12.323728,0.012757
57473.267922,12.38956,0.013207
57473.268038,12.407547,0.013251
57473.268131,12.39689,0.013367
57474.2692880002,12.440363,0.012942
57474.2694040001,12.439624,0.012711
57474.2694970001,12.44027,0.012851
57475.2760939999,12.216526,0.012286
57475.276209,12.201605,0.01225
57475.276302,12.186701,0.012191
57476.3741609999,12.343432,0.012891
57476.3742769999,12.261056,0.012641
57476.3743690001,12.294237,0.012628
57477.3752259999,12.336913,0.011165
57477.375341,12.341935,0.011257
57477.375457,12.305028,0.011345
57478.3762559998,12.270856,0.011618
57478.3763600001,12.263612,0.011631
57478.3764760001,12.260357,0.011523
57479.3776790001,12.26381,0.012703
57479.3777839998,12.230953,0.012464
57479.3778880001,12.279328,0.012662
57480.3811860001,12.291042,0.011703
57480.381302,12.309223,0.011799
57480.3814059999,12.305058,0.011722
57481.383409,12.188,0.014588
57481.3835240002,12.215677,0.014745
57481.3836400001,12.23331,0.019466
57484.3891960001,12.264159,0.011839
57484.3893109998,12.313986,0.011858
57484.3894270002,12.266308,0.011855
57485.3904690002,12.298095,0.01195
57485.3905839999,12.248279,0.01172
57485.390712,12.224595,0.011642
57486.3918920001,12.304775,0.011873
57486.3920080001,12.3096,0.011846
57486.3921349999,12.256628,0.011859
57488.053084,12.384894,0.01252
57488.0532120001,12.346057,0.012368
57488.0533389999,12.361262,0.012413
57489.0685009998,12.509126,0.029581
57489.0686280001,12.505581,0.02979
57489.0687560001,12.512832,0.02925
57491.385237,12.185399,0.011462
57491.385365,12.166253,0.011591
57491.3854919998,12.184432,0.011577
57494.4035939998,12.182228,0.011897
57494.4037330002,12.19509,0.011844
57494.4038720001,12.16125,0.0118
57495.4051100002,12.265658,0.01223
57495.4052490001,12.243991,0.012226
57495.405388,12.235603,0.012182
57499.361337,12.367494,0.01498
57499.3614869998,12.286751,0.014083
57499.3616260001,12.306286,0.014447
57796.1556310002,12.456229,0.014125
57796.155735,12.405997,0.014076
57796.1786750001,12.398358,0.013263
57797.2575869998,12.282958,0.01125
57797.2577030002,12.273923,0.011283
57797.2578179999,12.28454,0.011295
57812.1100519998,12.430756,0.014892
57812.195272,12.437006,0.013579
57812.1953759999,12.48062,0.013737
57813.202691,12.295408,0.012566
57813.2027949998,12.318731,0.012758
57813.2029109998,12.324668,0.012967
57814.2111399998,12.411625,0.01329
57814.2112560002,12.434195,0.013387
57814.2113600001,12.444939,0.013425
57816.0919039999,12.400991,0.014325
57816.0949249999,12.338976,0.014078
57816.0950290002,12.370167,0.014065
57818.2508160002,12.48392,0.012766
57818.25092,12.467585,0.01265
57818.251036,12.481893,0.012699
57821.2301909998,12.401042,0.011864
57821.2303070002,12.397989,0.011822
57821.2304219999,12.385757,0.011827
57822.2687439998,12.365081,0.011905
57822.2688600002,12.370036,0.011885
57822.268964,12.367696,0.011858
57823.2698900001,12.289198,0.011023
57823.2700169999,12.308707,0.01127
57823.2701329999,12.318671,0.011193
57824.2722280002,12.444216,0.012813
57824.2723320001,12.420436,0.012642
57824.272448,12.399211,0.012443
57825.273478,12.375378,0.012255
57825.2736050002,12.34154,0.012204
57825.2737210002,12.400619,0.012413
57826.2768919999,12.313614,0.012007
57826.276997,12.316799,0.011992
57826.2771120002,12.324492,0.011958
57827.303721,12.388933,0.012277
57827.3038369999,12.411783,0.012301
57828.1339989998,12.400862,0.013612
57828.305307,12.236255,0.01275
57828.3054220001,12.282599,0.013009
57828.3055380001,12.268518,0.01273
57829.3063830002,12.179862,0.012345
57829.3065220001,12.145622,0.012337
57829.3066380001,12.157242,0.012331
57830.3077600002,12.245452,0.01257
57830.3078879998,12.267202,0.012687
57830.308003,12.232497,0.012616
57833.363744,12.2433,0.011768
57833.3638829999,12.258235,0.011714
57833.3639989998,12.252703,0.011682
57834.369612,12.29337,0.011883
57834.36974,12.28833,0.012064
57834.3698550002,12.296358,0.011941
57835.376441,12.195379,0.011844
57835.3765679998,12.218679,0.011831
57835.3766839998,12.226961,0.011959
57837.0765220001,12.484359,0.01394
57837.076626,12.479485,0.014146
57837.076742,12.456185,0.013747
57838.230434,12.428847,0.012679
57838.2305379999,12.389133,0.012403
57838.2306539998,12.394377,0.012491
57839.3414409999,12.218144,0.011766
57839.3415569998,12.227084,0.0117
57839.341672,12.21079,0.011793
57841.1076560002,12.400292,0.012586
57841.10776,12.37304,0.01215
57841.107876,12.384258,0.012508
57917.99651,12.400502,0.013083
57917.9966259999,12.384395,0.013075
57917.9967299998,12.374639,0.013079
57917.9968340001,12.37075,0.013189
57917.9969500001,12.372476,0.013259
57917.997066,12.36006,0.013185
57917.9971699999,12.387282,0.013271
57917.9972859998,12.379658,0.01326
57917.9973900002,12.368951,0.013252
57917.997494,12.37378,0.013302
57917.99761,12.355915,0.013249
57917.9977139998,12.361007,0.013318
57917.9978299998,12.401427,0.013548
57917.9979340001,12.383962,0.013366
57917.998038,12.382318,0.013417
57917.9981539999,12.391127,0.013588
57917.9982699999,12.375107,0.01393
57917.9983740002,12.397246,0.014265
57917.9984900001,12.390448,0.014301
57917.998594,12.363075,0.01393
57917.9987090002,12.373209,0.013806
57917.9988139998,12.399178,0.013908
57917.9989180001,12.375764,0.013849
57917.9990340001,12.389545,0.013785
57917.999138,12.411457,0.014019
57917.9992419998,12.338898,0.013578
57917.9993579998,12.361625,0.013637
57917.999473,12.383087,0.01377
57917.9995780001,12.378539,0.013705
57917.9996930002,12.352569,0.013507
57917.9997970001,12.358428,0.013459
57917.9999020002,12.346775,0.013503
57918.0000169999,12.381566,0.01366
57918.000122,12.387428,0.013672
57918.0002259999,12.422142,0.013864
57918.000341,12.396894,0.013755
57918.0004460001,12.386372,0.013828
57918.0005609998,12.38627,0.013771
57918.000666,12.356066,0.013623
57918.0007699998,12.397275,0.013763
57918.000885,12.387349,0.013917
57918.0009900001,12.372148,0.013842
57918.0011049998,12.376758,0.013799
57918.0012090001,12.37805,0.013776
57918.0013250001,12.3843,0.013703
57918.0014289999,12.374598,0.013393
57918.001534,12.386464,0.013532
57918.0016490002,12.360399,0.013395
57918.0017530001,12.383587,0.013291
57918.001869,12.360188,0.013263
57918.0019729999,12.39276,0.013278
57918.002078,12.37424,0.013089
57918.0021930002,12.390433,0.013128
57918.002297,12.376565,0.012932
57918.002413,12.390237,0.012902
57918.0025169998,12.401691,0.013038
57918.0026219999,12.383806,0.012938
57918.0027370001,12.392427,0.012913
57918.002841,12.373121,0.012853
57918.0029569999,12.396998,0.012872
57918.0030609998,12.423483,0.013124
57918.0031770002,12.393283,0.013071
57918.0032810001,12.384045,0.012989
57918.0033849999,12.4048,0.013267
57918.0035009999,12.386317,0.013103
57918.0036050002,12.397369,0.012994
57918.0076560001,12.322271,0.012501
57918.00776,12.329385,0.01262
57918.0078759999,12.327427,0.01282
57918.0079800002,12.324709,0.012655
57918.0080840001,12.3451,0.012752
57918.0082,12.31286,0.01243
57918.0083039999,12.326503,0.012584
57918.0084199999,12.351432,0.012842
57918.0085240002,12.343496,0.01273
57918.0086400001,12.348261,0.012781
57918.008744,12.338304,0.012961
57918.0088479999,12.314029,0.012522
57918.0089639998,12.355417,0.012483
57918.0090680001,12.377859,0.012636
57918.0091840001,12.354308,0.012477
57918.0092879999,12.354486,0.012541
57918.0093919998,12.377227,0.012588
57918.0095080002,12.346295,0.012344
57918.0096120001,12.333974,0.012296
57918.009728,12.32504,0.012294
57918.0098319999,12.371975,0.012497
57918.0099360002,12.360196,0.012582
57918.0100520002,12.330082,0.012375
57918.010156,12.354229,0.012533
57918.0102599999,12.371479,0.01262
57918.0103759999,12.357189,0.012514
57918.0104800002,12.321341,0.01234
57918.0105960001,12.365049,0.012548
57918.0107,12.336487,0.012502
57918.0108159999,12.326416,0.01263
57918.0109199998,12.375985,0.012858
57918.0110240001,12.354064,0.012831
57918.0111400001,12.349867,0.01269
57918.0112439999,12.354723,0.012626
56315.1979689999,12.317628,0.019214
56315.1980730002,12.328116,0.019029
56315.1981890001,12.299928,0.018605
56316.195272,12.439928,0.021676
56316.1953759999,12.325959,0.020047
56316.1954800002,12.28552,0.019974
56317.1926679998,12.37135,0.019794
56317.1927720001,12.299667,0.02024
56317.192876,12.248979,0.01911
56318.1897510001,12.344323,0.020705
56318.189855,12.438957,0.022048
56318.1899589999,12.218623,0.019933
56319.1872629998,12.437565,0.022848
56319.187378,12.426395,0.022698
56319.1874830001,12.446318,0.023965
56320.184566,12.318312,0.022513
56320.1846699999,12.332928,0.022094
56320.1847740002,12.307306,0.023972
56321.182205,12.296696,0.017493
56321.1823089998,12.338758,0.017663
56321.1824130002,12.314379,0.017647
56322.1792879999,12.299337,0.018617
56322.1793920002,12.353354,0.019334
56322.1794969998,12.386903,0.019287
56323.176244,12.228975,0.01756
56323.1763479998,12.320714,0.018023
56323.1764639998,12.392248,0.01864
56324.1906539998,12.264383,0.016011
56324.1907580001,12.282746,0.015673
56324.1908740001,12.251375,0.015515
56325.1712560002,12.419781,0.015267
56325.1713720001,12.373209,0.01525
56325.171476,12.427883,0.015778
56327.1653880002,12.271672,0.014387
56327.1654920001,12.347673,0.014676
56327.165608,12.326174,0.014538
56328.1650640001,12.405473,0.016972
56328.1651679999,12.42119,0.016796
56328.1652719998,12.323916,0.016492
56331.218628,12.3025,0.014986
56331.218744,12.290025,0.014549
56331.2188599999,12.274971,0.014677
56332.1662790002,12.440839,0.017316
56332.1663950002,12.469117,0.017223
56332.166499,12.390489,0.01688
56333.1880959999,12.162966,0.014988
56333.1882000002,12.141166,0.01508
56333.1883160002,12.192215,0.015473
56334.1699020001,12.376569,0.015115
56334.1700169998,12.357366,0.014857
56334.1701329998,12.365784,0.015062
56337.154288,12.373937,0.014477
56337.1544039999,12.302748,0.014345
56337.1545079998,12.297681,0.014285
56338.1467880001,12.457146,0.016282
56338.146892,12.454787,0.015753
56338.1470079999,12.399707,0.015675
56339.1555269999,12.424152,0.015676
56339.155642,12.344048,0.015286
56339.155758,12.40084,0.015594
56340.1346820002,12.385344,0.016729
56340.134786,12.358467,0.016684
56340.134902,12.397349,0.017043
56341.1375290002,12.459676,0.016853
56341.1376450001,12.381692,0.016182
56341.137749,12.540115,0.017163
56342.1365450001,12.414415,0.016047
56342.136649,12.438409,0.016143
56342.1367529999,12.355263,0.015612
56343.1294499999,12.346913,0.015664
56343.1295540002,12.311332,0.01537
56343.1296589999,12.35882,0.015803
56345.1320199999,12.399514,0.014621
56345.1321350001,12.345959,0.014546
56345.1322400002,12.342173,0.014453
56346.113409,12.301894,0.016578
56346.1135240002,12.2482,0.01618
56346.113628,12.248804,0.016434
56347.113316,12.340874,0.015048
56347.1134199998,12.306753,0.015286
56347.1135359998,12.121665,0.013257
56348.1553989998,12.373683,0.016544
56348.1555030001,12.345242,0.01655
56348.1556079998,12.367481,0.016947
56349.1055609998,12.349068,0.017855
56349.1056769998,12.337001,0.017594
56349.1057810001,12.398015,0.018226
56350.1031999998,12.309892,0.018149
56350.1033040001,12.284377,0.017813
56350.1034090002,12.330911,0.017742
56351.100017,12.41219,0.017305
56351.1001329999,12.249703,0.01608
56351.1002489999,12.349575,0.016749
56352.0969730001,12.306001,0.015739
56352.0970890001,12.21089,0.01401
56352.097205,12.33828,0.01633
56353.1189410002,12.282874,0.014244
56353.1190450001,12.340203,0.014309
56353.119161,12.261473,0.013967
56354.0915910001,12.383957,0.017582
56354.0916960002,12.506686,0.018266
56354.0918000001,12.47317,0.018027
56355.1009900002,12.464751,0.01882
56355.101094,12.423508,0.017331
56355.1011979999,12.41836,0.017105
56356.1189410002,12.359265,0.015311
56356.1190450001,12.387132,0.015562
56356.119161,12.407145,0.015809
56357.1108510001,12.460844,0.018213
56357.1109549999,12.496431,0.017896
56357.1110709999,12.491635,0.017254
56360.2132580001,12.299271,0.013284
56360.213374,12.349239,0.013496
56360.21349,12.308839,0.013379
56361.106476,12.384682,0.015669
56361.1065799999,12.429896,0.015952
56361.1066959999,12.421385,0.015944
56362.1027139998,12.373439,0.016436
56362.1028180001,12.420272,0.016527
56362.102922,12.419406,0.016591
56363.0671350001,12.464001,0.016712
56363.0672280002,12.364221,0.016285
56363.0673440001,12.398429,0.016568
56364.0645659999,12.457294,0.017002
56364.0646700002,12.419171,0.016963
56364.0647860002,12.45946,0.017227
56365.0619040001,12.425928,0.017325
56365.062008,12.413901,0.017295
56365.0621239999,12.444123,0.017489
56367.1438020002,12.432573,0.01495
56367.1763479998,12.419439,0.014988
56367.1764529999,12.437325,0.014935
56368.0535129998,12.205018,0.013577
56368.053628,12.401236,0.015573
56368.0537330001,12.22688,0.013782
56369.0514989998,12.363808,0.017182
56369.0516030001,12.246413,0.015381
56369.0517190001,12.363445,0.016605
56370.1259900001,12.417414,0.015071
56370.126094,12.39065,0.014931
56370.1261979998,12.393327,0.014915
56371.078617,12.33857,0.015789
56371.0787209999,12.345442,0.016039
56371.0788369998,12.332396,0.01552
56373.0400749999,12.38931,0.016287
56373.0401909999,12.352834,0.0162
56373.0402950002,12.33862,0.01596
56374.1430839999,12.396575,0.015151
56374.143189,12.406654,0.015041
56374.1433040001,12.41486,0.015126
56375.0684659998,12.416717,0.01527
56375.0685820002,12.347471,0.015043
56375.0686860001,12.326834,0.014981
56377.0289759999,12.31752,0.022378
56377.0290680001,12.436727,0.022824
56377.0291840001,12.358093,0.021596
56379.0234090001,12.280813,0.021048
56379.023513,12.312121,0.021523
56379.0236280002,12.225333,0.020742
56380.0254569999,12.35651,0.02078
56380.0255610002,12.32494,0.020612
56380.0256770002,12.340226,0.021351
56381.0181539999,12.308674,0.017027
56381.0182579998,12.383835,0.01725
56381.0183740002,12.413126,0.017525
56382.0163719999,12.299373,0.03201
56382.016487,12.439636,0.027754
56382.0165909999,12.408968,0.028339
56383.0124249999,12.614726,0.021558
56383.0125409998,12.856553,0.024458
56383.0126450001,12.555383,0.020714
56384.0355380001,12.609411,0.020759
56384.0356419999,12.567051,0.020636
56384.035747,12.781602,0.023332
56385.006788,12.489649,0.018502
56385.006904,12.478308,0.0187
56385.0070199999,12.531167,0.018837
56386.0043580001,12.515317,0.019098
56386.0044729998,12.467146,0.01892
56386.0045779999,12.499703,0.019321
56387.0015909998,12.495429,0.018113
56387.0017070002,12.447713,0.018033
56387.0018230001,12.496219,0.018246
56388.0119730001,12.409398,0.017024
56388.0120780002,12.428917,0.017111
56388.0121929999,12.405476,0.016869
56389.009323,12.511072,0.018428
56389.0094269998,12.428202,0.018128
56389.0095429998,12.453735,0.017908
56389.9946699999,12.452968,0.017679
56389.9947859999,12.508089,0.018099
56389.9948900002,12.551812,0.018265
56391.0209320001,12.298171,0.031556
56391.0210469998,12.387353,0.030821
56391.0211629998,12.318841,0.025578
56393.0286400002,12.425028,0.016211
56393.028744,12.444942,0.016349
56393.02886,12.472099,0.016526
56394.042355,12.538911,0.018011
56394.042471,12.44054,0.01688
56394.0425869999,12.407522,0.017173
56394.9909089999,12.380345,0.017381
56394.9910240001,12.433009,0.017692
56394.991128,12.450586,0.017779
56395.9903879999,12.405126,0.016716
56395.9904919998,12.454611,0.016959
56395.9906080002,12.413351,0.01665
56396.9983740002,12.42474,0.01625
56396.9984780001,12.406468,0.015884
56396.9985819999,12.378272,0.015935
56398.0041029998,12.35223,0.015328
56398.0042190002,12.391786,0.015629
56398.0043230001,12.364608,0.015667
56398.9880960002,12.465278,0.016523
56398.9882120001,12.428431,0.01627
56398.988316,12.429203,0.016172
56400.0330500002,12.331009,0.014792
56400.0331660002,12.396834,0.01506
56400.03327,12.383919,0.015442
56401.0341030001,12.403997,0.015538
56401.034219,12.451382,0.015673
56401.0343229999,12.377807,0.015173
56402.0271589998,12.366936,0.014922
56402.027274,12.393187,0.0153
56402.0273779999,12.373252,0.015043
56403.1585240001,12.407977,0.015163
56403.15864,12.411482,0.015087
56403.158756,12.386912,0.014982
56403.998166,12.334657,0.015682
56403.9982810002,12.346996,0.015971
56403.9983970001,12.309044,0.015629
56404.9838720001,12.220048,0.043283
56404.983976,12.460381,0.052154
56404.9840910002,12.187425,0.045596
56406.0489059999,12.359404,0.039939
56406.0490100002,12.339966,0.036479
56406.0491260002,12.271102,0.039858
56406.9828070002,12.320968,0.017299
56406.982911,12.354299,0.017422
56406.9830149999,12.246558,0.017223
56407.9821700002,12.377337,0.0212
56407.9822860002,12.325497,0.019987
56407.98239,12.40235,0.022238
56409.001892,12.267834,0.017851
56409.0019970001,12.275593,0.017087
56409.0021009999,12.22789,0.016492
56410.0762209999,12.306002,0.014752
56410.0763139999,12.366146,0.014838
56410.0764290001,12.339883,0.014758
56411.0734899999,12.435955,0.015302
56411.0735940002,12.402147,0.015083
56411.0736980001,12.417776,0.015186
56412.225631,12.384758,0.018246
56412.225747,12.327805,0.021828
56414.0641259998,12.482161,0.016463
56414.0642420002,12.490399,0.016302
56414.0643460001,12.401269,0.015639
56852.9950410002,12.13009,0.036495
56852.995168,12.058968,0.036395
56852.9952719999,12.230625,0.037114
56855.9766259999,12.439329,0.017072
56855.9767419999,12.43159,0.017231
56855.9768810002,12.41963,0.017029
56856.977378,12.346892,0.01738
56856.977494,12.376985,0.017614
56856.97761,12.342071,0.017309
56857.9782349998,12.395339,0.017651
56857.9783510002,12.416946,0.017759
56857.9784550001,12.411192,0.017587
56858.9789760001,12.652269,0.020719
56858.9790909998,12.711184,0.021298
56858.9792070002,12.605048,0.019709
56862.059589,12.464724,0.017918
56862.0597160002,12.448429,0.017956
56862.0598209999,12.479833,0.018289
56863.0608279998,12.478997,0.017891
56863.060943,12.518426,0.018404
56863.061059,12.477991,0.01793
56864.061615,12.401367,0.018103
56864.0617300002,12.424153,0.018593
56864.0618460001,12.44156,0.018467
56865.9878529999,12.493648,0.027168
56865.9879569998,12.433372,0.026437
56865.9880730002,12.509076,0.027376
56866.9890220002,12.289118,0.017046
56866.9891380002,12.334875,0.0172
56866.9892529999,12.317013,0.017256
56869.9871700001,12.366346,0.016791
56869.987309,12.340378,0.016778
56869.9874479999,12.328757,0.017001
56870.9887910001,12.524447,0.021614
56870.9889059998,12.429086,0.021192
56870.9890339999,12.451896,0.022185
56871.9896820001,12.378267,0.017436
56871.9897969998,12.371161,0.017419
56871.9899129998,12.395565,0.017673
56872.9905269998,12.4592,0.017672
56872.990642,12.464871,0.01771
56872.9907579999,12.473927,0.0177
56873.9920780002,12.377347,0.016916
56873.9921929999,12.362253,0.016815
56873.9923089999,12.325838,0.016544
56875.9836749998,12.256708,0.016851
56875.9837910002,12.334138,0.016893
56875.9839059999,12.174545,0.016442
56876.9843580001,12.334258,0.016543
56876.9844729998,12.344547,0.016312
56876.9845890002,12.369954,0.016661
56877.9850059999,12.354147,0.016309
56877.9851330002,12.379097,0.01661
56877.98526,12.38205,0.016464
56878.9860470002,12.368667,0.016531
56878.9861630001,12.360593,0.016433
56878.9862790001,12.398449,0.016641
56879.98636,12.329021,0.016509
56879.9864759999,12.345992,0.016519
56879.9865910001,12.363618,0.016582
56880.9874590002,12.359846,0.017578
56880.9875639998,12.414059,0.017649
56880.987679,12.355109,0.017169
56881.9881770001,12.581671,0.020123
56881.988293,12.608518,0.020224
56881.9884199998,12.554058,0.019678
56882.9889759999,12.267508,0.01935
56882.9890800002,12.337945,0.019332
56882.989207,12.400108,0.019314
56884.0563249998,12.284061,0.016177
56884.0564529998,12.383604,0.016515
56884.056568,12.331144,0.01649
56885.0569730001,12.503237,0.019866
56885.057089,12.482572,0.019633
56885.057205,12.480942,0.019507
56886.0573209999,12.469813,0.01809
56886.0574360001,12.443038,0.018116
56886.057552,12.438501,0.018345
56888.0589990001,12.460052,0.018905
56888.0591150001,12.49247,0.019074
56888.0592419999,12.412139,0.018549
56889.059624,12.363895,0.018482
56889.0597399999,12.322906,0.01822
56889.0598550001,12.368478,0.018447
56890.0603760001,12.417836,0.018711
56890.0604920001,12.534203,0.019561
56890.0606189999,12.407094,0.01868
56891.0608040001,12.733514,0.023546
56891.0609320002,12.488971,0.019136
56891.0610469999,12.456238,0.019178
56892.0613370002,12.68307,0.024439
56892.0614530002,12.810099,0.029594
56892.0615679999,12.708567,0.023776
56893.989207,12.532361,0.019709
56893.989323,12.570424,0.019957
56893.9894389999,12.612854,0.020829
56894.990249,12.469187,0.018434
56894.990365,12.456492,0.0186
56894.9905030001,12.412724,0.018153
56903.0128990002,12.306898,0.017903
56903.0130150002,12.19568,0.017369
56904.0136750001,12.37496,0.017186
56904.0138019999,12.461359,0.017656
56904.0139179998,12.384367,0.016897
56906.0022399998,12.401847,0.01724
56906.002355,12.396211,0.016955
56906.002483,12.333939,0.01655
56907.0027029999,12.327724,0.016408
56907.002818,12.280667,0.016343
56907.0029460001,12.340276,0.016624
56908.0030840002,12.353546,0.040048
56908.0032119998,12.334887,0.043592
56908.0033280002,12.55274,0.051655
56909.003976,12.217488,0.015273
56909.0040910002,12.25907,0.015275
56909.0042190002,12.258788,0.015181
56910.0046470002,12.51932,0.019453
56910.0047630002,12.515678,0.01944
56910.00489,12.502704,0.019639
56911.0051560002,12.478018,0.038351
56911.0052840002,12.491557,0.033241
56911.005411,12.400258,0.033193
56912.0057700002,12.415536,0.020231
56912.005897,12.359722,0.019812
56912.0060129999,12.48043,0.020153
56914.9975060001,12.459455,0.018691
56914.9976329999,12.431053,0.018645
56914.9977489999,12.439791,0.018457
56915.9983970001,12.541181,0.028769
56915.9985239999,12.600888,0.034052
56915.998652,12.571801,0.029056
56919.0106080002,12.480326,0.020266
56919.010735,12.528281,0.020564
56919.010851,12.53792,0.020735
56921.0113829998,12.376791,0.019299
56921.0115100001,12.467797,0.020074
56921.0116260001,12.4096,0.019495
56922.0116719999,12.512773,0.020735
56922.0117879999,12.441057,0.020129
56922.0119159999,12.499701,0.020705
56924.0016720002,12.51101,0.020887
56924.0017880001,12.572042,0.021614
56924.0019160002,12.574512,0.021912
56997.3300749999,12.350109,0.02856
56997.3301909999,12.383407,0.028196
56997.3303069999,12.317985,0.027166
56998.3312209998,12.322839,0.027181
56998.3313480001,12.4444,0.029591
56998.3314760001,12.279387,0.026642
56999.3319850001,12.466516,0.024986
56999.332101,12.3523,0.023234
56999.3322399999,12.315841,0.022833
57002.3202260002,12.269778,0.019198
57002.3203409999,12.171689,0.018541
57002.3204689999,12.245712,0.018974
57004.3112670002,12.130799,0.015464
57004.3113830001,12.215861,0.01578
57004.3114990001,12.239897,0.015736
57006.3064179998,12.917331,0.020663
57006.3065340002,12.975026,0.021267
57006.3066489999,13.044003,0.022212
57008.3001219998,12.182595,0.016401
57008.3002490001,12.171608,0.016173
57008.3003759999,12.269241,0.016618
57009.3121819999,12.285141,0.016826
57009.3123209998,12.287706,0.016498
57009.3124830001,12.232825,0.016136
57010.3142300001,12.236104,0.016172
57010.3143580002,12.301978,0.016771
57010.314462,12.30275,0.016656
57011.3146589999,12.212541,0.017034
57011.3147740001,12.226022,0.017027
57011.3149250001,12.230028,0.016818
57016.2796590002,12.298965,0.017382
57016.2798210001,12.268575,0.017465
57016.2799359998,12.263354,0.017118
57018.3337909998,12.265153,0.015785
57018.3339760001,12.263147,0.01589
57018.3341720002,12.286163,0.016082
57019.3349939999,12.280166,0.016403
57019.3351909998,12.30344,0.016449
57019.335399,12.338695,0.016613
57020.335978,12.264306,0.01583
57020.3361280002,12.259829,0.015636
57020.336348,12.240024,0.015372
57021.336997,12.289931,0.016574
57021.3371700002,12.302043,0.0167
57021.3373670001,12.267969,0.016462
57023.2595080002,12.195719,0.019922
57023.2596240002,12.211101,0.020099
57023.2597739999,12.397147,0.022801
57024.2602840001,12.291477,0.022799
57024.2604919998,12.300793,0.023372
57024.2606190001,12.292466,0.022335
57025.260851,12.305813,0.023545
57025.2610129998,12.363971,0.024709
57025.2611750001,12.297206,0.02313
57026.2620890001,12.281855,0.024811
57026.2622159999,12.255354,0.025462
57026.2623439999,12.290902,0.025781
57029.2431310001,12.339781,0.02319
57029.2434430001,12.332899,0.022986
57029.2436170001,12.294431,0.022459
57030.243675,12.308956,0.021428
57030.243791,12.379183,0.022444
57030.2439060002,12.342936,0.021967
57032.2352840002,12.450086,0.022074
57032.2353989999,12.32398,0.021175
57032.2355149998,12.257806,0.019891
57033.3320889999,12.252126,0.014945
57033.3322970001,12.256198,0.015002
57033.332494,12.199798,0.014842
57035.337078,12.318243,0.015114
57035.3371819998,12.318085,0.015296
57035.3373090001,12.283703,0.015175
57036.3376099998,12.330486,0.015695
57036.3377370001,12.299332,0.015694
57036.3378650001,12.328962,0.015877
57037.3386400002,12.299081,0.015696
57037.3387560002,12.33955,0.015997
57037.338883,12.346527,0.015907
57038.339311,12.320206,0.016054
57038.3394499999,12.321967,0.016197
57038.3395779999,12.344698,0.016288
57039.339867,12.35188,0.016734
57039.3400289998,12.359509,0.016963
57039.3401560001,12.332835,0.016713
57040.3414989999,12.3399,0.016239
57040.3416260001,12.319057,0.016116
57040.3417529999,12.335879,0.016114
57041.3427840001,12.261395,0.016293
57041.3429109999,12.292768,0.016514
57041.3430499998,12.32801,0.016797
57043.2114639999,12.326871,0.017767
57043.2115799999,12.307371,0.017654
57043.2117070002,12.317737,0.01767
57044.212876,12.238071,0.017781
57044.2130029998,12.398764,0.019405
57044.2131309998,12.289945,0.017422
57051.1850979999,12.311745,0.022249
57051.1852839999,12.281728,0.02239
57051.1854340001,12.409288,0.023706
57052.1863480001,12.324716,0.022572
57052.186464,12.301131,0.022878
57052.1866720002,12.351374,0.023195
57053.18695,12.275101,0.022591
57053.187159,12.303678,0.021937
57053.1874020002,12.34049,0.022143
57054.1885469998,12.380971,0.025349
57054.1888020001,12.315629,0.023548
57054.1889180001,12.383168,0.024179
57055.1896589999,12.313589,0.024895
57055.189797,12.312369,0.027694
57055.1899830001,12.382451,0.027579
57056.1979220002,12.343322,0.02289
57056.1980380001,12.485351,0.024405
57056.1981890001,12.359824,0.022879
57057.1985010002,12.345376,0.023991
57057.198628,12.433104,0.024066
57057.1988249999,12.209228,0.025826
57059.2296930002,12.409715,0.02336
57059.2298900001,12.43705,0.023502
57059.2300749999,12.369262,0.023018
57061.1579339998,12.27442,0.017899
57061.158084,12.272878,0.017868
57061.1581999999,12.27695,0.017877
56738.0401329999,12.453394,0.02011
56738.0402489998,12.458561,0.020413
56738.0403649998,12.459972,0.019981
56739.0404690001,12.356525,0.018679
56739.0405839998,12.346001,0.018643
56739.0406999998,12.39152,0.018654
56740.041071,12.53664,0.020418
56740.0411979999,12.538597,0.020541
56740.0413250001,12.47511,0.020013
56741.0417300002,12.496548,0.019473
56741.0418580002,12.558919,0.019629
56741.0419970001,12.489721,0.019274
56742.0422049998,12.376239,0.019349
56742.0423209998,12.424642,0.019459
56742.0424250001,12.318141,0.019045
56743.043999,12.585346,0.022284
56743.0441259998,12.420736,0.01877
56743.0443000002,12.396114,0.018398
56744.0449359999,12.479669,0.019174
56744.0450519999,12.398709,0.018706
56744.0451790001,12.466674,0.019404
56745.0466260002,12.426651,0.019183
56745.0467420002,12.414033,0.018684
56745.046869,12.514412,0.01944
56746.0471589998,12.438307,0.018829
56746.047274,12.457582,0.019122
56746.04739,12.46776,0.01965
56747.0496820002,12.434563,0.018208
56747.0497969999,12.345828,0.018097
56747.0499249999,12.328137,0.017574
56749.051672,12.39629,0.018786
56749.0517879999,12.399485,0.018407
56749.0518919998,12.367349,0.018354
56750.0524590001,12.495185,0.019344
56750.0525750001,12.521059,0.019497
56750.052679,12.533278,0.019741
56751.0535360002,12.429435,0.019334
56751.0536400001,12.388659,0.018851
56751.053756,12.450026,0.019334
56752.0555730001,12.32712,0.017143
56752.0556890001,12.346485,0.017317
56752.0558039998,12.433804,0.017629
56753.0562209999,12.492402,0.019264
56753.0563249998,12.47679,0.019029
56753.0564529998,12.464538,0.019386
56754.0567999999,12.587271,0.021018
56754.0569159999,12.626683,0.021753
56754.0570430001,12.60657,0.021392
56755.057147,12.572609,0.022164
56755.0572739998,12.549525,0.020386
56755.0573900002,12.477646,0.020261
56756.0580839999,12.432347,0.017147
56756.0582119999,12.409051,0.01708
56756.0583279999,12.477042,0.017267
56757.0589410001,12.52818,0.018207
56757.0590570001,12.400059,0.01752
56757.0591719998,12.472751,0.017796
56758.0593810002,12.350869,0.017978
56758.0594970002,12.29406,0.017296
56758.0596119999,12.356623,0.017839
56759.0601220001,12.395103,0.016256
56759.0602489999,12.393966,0.016273
56759.0603649998,12.364901,0.016178
56760.1274589999,12.39395,0.015613
56760.1275749998,12.366303,0.015501
56760.1276909998,12.33936,0.015398
56761.1423670002,12.134166,0.013801
56761.142494,12.056544,0.012817
56761.14261,11.943664,0.012286
56762.142703,12.392556,0.020383
56762.1428180002,12.448152,0.021107
56762.142922,12.354711,0.019467
56763.1438719998,12.340419,0.018063
56763.143987,12.375549,0.018302
56763.144115,12.341532,0.017852
56764.1443690001,12.209751,0.014124
56764.1444850001,12.225189,0.013848
56764.144601,12.415675,0.016323
56765.1452139998,12.312082,0.01578
56765.1453410001,12.399423,0.016144
56765.145457,12.367132,0.015931
56766.145573,12.437573,0.01657
56766.1456889999,12.487709,0.017007
56766.1458160002,12.473881,0.016807
56767.1469160002,12.402237,0.017004
56767.147043,12.401353,0.016837
56767.1471699998,12.38178,0.016746
56768.1576789999,12.408531,0.03003
56768.1682119998,12.240379,0.014304
56768.1683390001,12.304778,0.014562
56769.158177,12.458526,0.017213
56769.158293,12.447546,0.017269
56769.1584089999,12.490714,0.017551
56770.1597859999,12.418174,0.016957
56770.1599130002,12.432526,0.01717
56770.1600410002,12.394537,0.016999
56771.1608739998,12.328498,0.016264
56771.1609899998,12.398521,0.01667
56771.161105,12.390889,0.016873
56772.161603,12.410165,0.017055
56772.161719,12.459706,0.017574
56772.1618340002,12.462388,0.017518
56773.163675,12.319024,0.016135
56773.1637909999,12.276992,0.016469
56773.1639060001,12.327557,0.017378
56774.9811749999,12.392475,0.017804
56774.9812909998,12.409113,0.018174
56774.981406,12.45852,0.018276
56775.981962,12.522875,0.019081
56775.9820889998,12.471156,0.018627
56775.9822049998,12.564053,0.019373
56777.0134319998,12.410403,0.018268
56777.0135590001,12.411286,0.01842
56777.0136750001,12.357247,0.017575
56778.0142879998,12.437768,0.018037
56778.0144159999,12.468114,0.018254
56778.0145310001,12.491921,0.018129
56779.0396469999,12.309175,0.014518
56779.0397629999,12.220744,0.013722
56779.039878,12.210556,0.013499
56780.9778180001,12.360111,0.017916
56780.9779340001,12.352391,0.017723
56780.97805,12.419097,0.017983
56782.9793810002,12.393513,0.01754
56782.9795200001,12.461803,0.017658
56782.9796239999,12.415798,0.017544
56783.9803760001,12.424388,0.018592
56783.980492,12.372955,0.018304
56783.980608,12.408036,0.018505
56784.9814530001,12.431757,0.017583
56784.9815799999,12.409678,0.017592
56784.9816840002,12.406871,0.017508
56785.982332,12.432536,0.017758
56785.982448,12.379544,0.017579
56785.9825639999,12.443233,0.017614
56786.9831659999,12.035251,0.017788
56786.9832810001,12.038574,0.018311
56786.9833849999,12.296924,0.031262
56788.241742,12.278915,0.019282
56788.2418459999,12.347678,0.018995
56788.2419730001,12.204479,0.019142
56789.24217,12.363671,0.018188
56789.2422969998,12.343912,0.018067
56789.2424130002,12.38328,0.018157
56790.2427139999,12.336943,0.031139
56790.2428179998,12.373168,0.032826
56790.2429459998,12.294169,0.030786
56791.2430380001,12.345739,0.02353
56791.243154,12.354429,0.02446
56791.24327,12.345762,0.022577
56792.2450060002,12.404041,0.024005
56792.2451220001,12.417979,0.023722
56792.2452369998,12.370636,0.022121
56793.2453529998,12.27246,0.018543
56793.2454690002,12.296432,0.018878
56793.2455730001,12.241659,0.018602
56794.2461859998,12.181536,0.016298
56794.2463019998,12.098772,0.015745
56794.2464180002,12.107595,0.015587
56795.24658,12.268811,0.018267
56795.246696,12.331496,0.018194
56795.2468110002,12.321183,0.018274
56796.2468920001,12.297583,0.01516
56796.247008,12.205071,0.0138
56796.2471349998,12.242054,0.01375
56797.2472509998,12.248901,0.021804
56797.2473550001,12.031659,0.016266
56797.2474710001,12.16656,0.015819
56799.2929460001,12.464873,0.01807
56799.2930729999,12.507017,0.018631
56799.2932000002,12.52739,0.018677
56801.0173670002,12.443221,0.018336
56801.017494,12.478331,0.018882
56801.0176220001,12.459851,0.018789
56802.0642769998,12.469509,0.018699
56802.0643810001,12.469534,0.018354
56802.064485,12.509609,0.018707
56803.0646469998,12.358156,0.018687
56803.0647629998,12.330549,0.017336
56803.0648670001,12.412542,0.01807
56804.0662910002,12.342023,0.015574
56804.0663950001,12.312212,0.015239
56804.066499,12.353599,0.015507
56805.066939,12.359935,0.017672
56805.0670540002,12.42906,0.017852
56805.0671589999,12.304172,0.017014
56807.9830729999,12.46849,0.018661
56807.9832000001,12.511046,0.019138
56807.9833280002,12.500013,0.018883
56808.983953,12.39798,0.017523
56808.9840569999,12.453199,0.017828
56808.9841720001,12.407318,0.017808
56809.9843000001,12.502083,0.018273
56809.9844160001,12.495184,0.018301
56809.9845199999,12.478503,0.018038
56810.9846700002,12.493079,0.018688
56810.9847860001,12.414883,0.017761
56810.9849020001,12.443921,0.017629
56813.9693339998,12.436048,0.017983
56813.9694500002,12.435568,0.018164
56813.9695540001,12.491911,0.018335
56816.1102029998,12.398623,0.016949
56816.110318,12.4442,0.017118
56816.1104339999,12.420293,0.017009
56818.1110939998,12.414909,0.035403
56818.1111980001,12.269047,0.036038
56818.1113140001,12.344478,0.040616
56821.080052,12.549948,0.030408
56821.0801789998,12.399484,0.025999
56821.0803069999,12.388967,0.028655
56822.1097510001,12.25672,0.013911
56822.1098549999,12.275409,0.01391
56822.1099709999,12.201157,0.013666
56823.1102029998,12.403189,0.015331
56823.110318,12.444593,0.015742
56823.1104339999,12.3637,0.015623
56824.1103989999,12.582571,0.018433
56824.1105149998,12.580699,0.01868
56824.1106309998,12.53972,0.018613
56825.110874,12.474695,0.017596
56825.1110129999,12.467916,0.017644
56825.1111280001,12.490206,0.017534
56826.111302,12.632712,0.023617
56826.111418,12.627019,0.022137
56826.1115339999,12.617436,0.021807
56827.1127030002,12.726298,0.025033
56827.1128070001,12.666241,0.023435
56827.1129219998,12.7896,0.02657
56828.1130149998,12.501634,0.018597
56828.1131310002,12.496153,0.018625
56828.1132470001,12.511839,0.018544
56829.1143919998,12.508769,0.018277
56829.1145080002,12.514967,0.018335
56829.1146240002,12.547663,0.01847
56830.1152030001,12.365924,0.016443
56830.1153179999,12.332143,0.015068
56830.1154220002,12.316354,0.014915
56831.1165220002,12.382745,0.016323
56831.116649,12.516,0.017175
56831.116777,12.468316,0.0173
56832.1177030001,12.350962,0.021706
56832.1178179998,12.475952,0.022665
56832.1179340002,12.399231,0.034468
56833.1190570002,12.405129,0.017227
56833.1191719999,12.398954,0.017291
56833.1192879998,12.458827,0.017656
56835.1752490001,12.287532,0.015502
56835.1754109999,12.330203,0.01551
56835.1755269999,12.333563,0.015688
56836.1755499998,12.33512,0.015274
56836.1756660002,12.355061,0.01531
56836.1757700001,12.341839,0.015198
56837.1761980001,12.370108,0.015188
56837.176314,12.362846,0.015158
56837.1764290002,12.38692,0.015341
56838.1766960002,12.231938,0.013714
56838.1768109999,12.198454,0.0136
56838.176916,12.285683,0.013931
56839.177135,12.376551,0.015343
56839.177251,12.384399,0.015429
56839.1773669999,12.391914,0.015474
56841.186487,12.146867,0.016417
56841.1866720002,12.227139,0.01498
56841.1867769999,12.17253,0.015723
56843.9731660001,12.400328,0.016869
56843.97327,12.402721,0.01672
56843.9733970002,12.411398,0.016829
56844.9733970002,12.440915,0.01734
56844.9735360001,12.396719,0.017039
56844.9736520001,12.388865,0.016967
56846.975503,12.389733,0.018256
56846.975631,12.40135,0.018187
56846.9757349999,12.406963,0.018294
56847.976603,12.361217,0.017153
56847.9767300002,12.438238,0.017473
56847.9768460002,12.378506,0.017086
56850.190006,12.482316,0.026175
56850.1901219999,12.470276,0.027629
56850.1902259998,12.436821,0.029831
56415.2058390002,12.480656,0.014726
56415.205943,12.429061,0.014587
56415.2060469999,12.390181,0.014343
56416.0594270001,12.459238,0.016215
56416.059531,12.417274,0.016199
56416.0596349998,12.392939,0.015866
56416.995966,12.445256,0.015981
56416.996082,12.413191,0.01558
56416.9961859998,12.481731,0.016019
56417.9967769999,12.42475,0.01507
56417.9968810002,12.407589,0.014842
56417.9969850001,12.351692,0.014502
56418.976429,12.436208,0.016022
56418.9765340001,12.456177,0.015977
56418.9766489998,12.434436,0.016495
56419.9761859998,12.388351,0.015189
56419.9764060001,12.38304,0.015332
56421.0472280001,12.481149,0.016534
56421.047332,12.471832,0.016393
56421.0474359999,12.441132,0.015792
56423.0169040002,12.363879,0.014885
56423.0170200001,12.336258,0.014703
56423.0171349999,12.404459,0.015146
56423.9985469999,12.429142,0.015463
56428.184682,12.26875,0.012545
56428.1847970001,12.251842,0.01199
56428.1849019998,12.336646,0.012965
56431.9832230001,12.413989,0.015656
56431.9833280002,12.377067,0.0156
56431.9834429999,12.397637,0.015694
56432.9923899998,12.389035,0.015064
56432.9925060002,12.400869,0.015314
56432.9926100001,12.432121,0.015261
56433.9725410002,12.359731,0.014197
56433.9726450001,12.378925,0.014301
56433.972749,12.391496,0.014469
56434.9708509999,12.341511,0.01404
56434.9709660001,12.297427,0.013582
56434.9710710002,12.318179,0.01372
56437.9702719999,12.406609,0.014937
56437.9703759998,12.37964,0.014785
56437.9704800001,12.3683,0.014883
56439.0115339998,12.374253,0.016816
56439.0116380001,12.426965,0.017531
56439.0117529999,12.399317,0.017076
56441.9837210001,12.352608,0.016101
56441.9838370001,12.323725,0.015839
56441.983941,12.331125,0.016018
56442.9698899998,12.358563,0.024237
56442.9699940002,12.465792,0.025202
56442.9701100001,12.413031,0.025026
56457.9698089999,12.231091,0.013166
56457.9699249999,12.280572,0.013131
56457.9700290002,12.307313,0.013703
56458.9699019999,12.44878,0.015967
56458.9700059998,12.438835,0.015773
56458.9701100001,12.435048,0.015835
56459.9695199998,12.372162,0.016888
56459.9696240001,12.38565,0.016594
56459.9697400001,12.363357,0.016287
56460.9728410002,12.372152,0.014693
56460.9729459998,12.367704,0.014642
56460.9730500002,12.351414,0.014667
56462.9724130002,12.398131,0.015109
56462.972517,12.3847,0.015074
56462.972633,12.374725,0.014942
56463.9708969998,12.346897,0.013761
56463.9710129998,12.344329,0.01369
56463.9711170001,12.29929,0.013524
56464.970191,12.339428,0.013725
56464.970307,12.311614,0.013478
56464.9704109998,12.383789,0.013861
56466.9719159999,12.405591,0.01484
56466.9720200002,12.401956,0.014939
56466.9721349999,12.37065,0.014796
56467.9830959998,12.379879,0.015324
56467.9832000001,12.378158,0.015359
56467.983304,12.38563,0.015355
56468.971684,12.451698,0.016209
56468.9717879998,12.424857,0.015843
56468.9718920002,12.455907,0.015956
56471.9777839999,12.423304,0.052014
56471.9778990001,12.363799,0.052621
56471.9780029999,12.29471,0.052848
56472.9719270002,12.444577,0.01566
56472.9720310001,12.445763,0.015661
56472.9721349999,12.470956,0.01588
56473.9719270002,12.374448,0.015139
56473.9720430002,12.375354,0.01521
56473.972147,12.356544,0.015033
56474.98673,12.461154,0.015816
56474.9868339999,12.446582,0.015657
56474.9869499998,12.483072,0.015871
56475.9888829999,12.425137,0.015988
56475.9889989998,12.38793,0.015288
56475.9891030001,12.383628,0.015569
56476.9815099998,12.415249,0.0156
56476.9816149999,12.398157,0.015625
56476.9817189998,12.407236,0.015516
56479.0742190001,12.118588,0.023623
56479.0743229999,12.18038,0.024732
56479.0744269998,12.137763,0.025965
56481.0026560002,12.459376,0.015236
56481.0027600001,12.426134,0.015072
56481.002876,12.481735,0.01533
56482.1421349999,12.364729,0.0173
56482.14224,12.338821,0.018355
56482.1423439998,12.353982,0.016286
56483.974554,12.516663,0.032468
56483.9746590001,12.35418,0.029416
56483.9747739998,12.484059,0.031643
56484.9748900002,12.434193,0.016241
56484.9749940001,12.419959,0.016615
56484.9750979999,12.458024,0.017097
56485.9873319999,12.471996,0.015318
56485.9874359998,12.440942,0.01525
56485.9875409999,12.465478,0.01537
56487.0149019998,12.400387,0.014748
56487.015017,12.442343,0.015147
56487.015133,12.478237,0.015303
56488.0260709999,12.49658,0.015065
56488.0261860001,12.438668,0.014904
56488.0262910002,12.439475,0.014851
56488.9766839999,12.410472,0.014819
56488.9767880002,12.409914,0.014739
56488.9769040002,12.408354,0.014827
56489.9768229998,12.390051,0.014712
56489.9769390002,12.400639,0.014838
56489.977043,12.374632,0.014663
56490.9767649998,12.415521,0.014738
56490.9768810002,12.448952,0.014919
56490.9769850001,12.498563,0.01526
56491.977529,12.31771,0.016004
56491.977645,12.392456,0.016127
56491.9777489998,12.356355,0.016325
56493.9848090001,12.44154,0.015115
56493.9849129999,12.407876,0.015047
56493.9850289999,12.406563,0.014943
56495.1357120001,12.381954,0.021196
56495.135828,12.328967,0.018716
56495.1359319999,12.343592,0.017972
56495.9787440002,12.380991,0.014337
56495.9788600001,12.431585,0.014616
56495.978964,12.386813,0.014294
56496.9787329999,12.539051,0.01618
56496.9788480001,12.512116,0.016013
56496.9789530002,12.530277,0.01611
56497.9952369998,12.487127,0.016285
56497.9953410002,12.513921,0.016321
56497.9954570001,12.56644,0.016724
56500.009416,12.331785,0.013776
56500.0095199999,12.32254,0.013668
56500.0096240002,12.370802,0.014108
56501.9801790002,12.395013,0.031797
56501.9802839998,12.389788,0.026666
56501.980399,12.280509,0.031972
56503.154902,12.468589,0.017158
56503.1550170002,12.42895,0.017059
56503.1551219998,12.496409,0.017635
56503.9813140002,12.461334,0.021828
56503.9814180001,12.549058,0.02821
56503.9815219999,12.452202,0.027557
56508.9825519999,12.441214,0.015182
56508.9826560002,12.421701,0.015071
56508.98276,12.42958,0.015089
56510.0389640001,12.48757,0.01576
56510.0390679999,12.481826,0.015697
56510.0391839999,12.456076,0.015608
56510.9838370001,12.431455,0.01519
56510.983953,12.434109,0.015366
56510.9840680002,12.44223,0.015351
56513.0633390001,12.599226,0.01833
56513.0634550001,12.579494,0.018094
56513.063571,12.60911,0.018427
56513.9849020001,12.462089,0.01543
56513.9850170002,12.479766,0.015452
56513.9851219999,12.496878,0.015484
58207.402888,12.339958,0.014902
58208.0895309998,12.4052,0.016623
58208.1320540002,12.360546,0.015901
58208.1750980001,12.389243,0.015023
58208.2185820001,12.35474,0.014776
58208.2653410002,12.20272,0.01584
58208.3085360001,12.251496,0.016628
58208.3958970001,12.309115,0.017157
58209.1924589998,12.336581,0.014888
58209.2354569999,12.344873,0.014746
58209.3020199998,12.230083,0.015448
58209.3443339998,12.229656,0.015464
58209.3871929999,12.332589,0.017087
58210.1197739998,12.451419,0.016493
58210.1720309998,12.377013,0.015836
58210.2312440001,12.422845,0.01507
58210.2740910002,12.352326,0.016233
58210.3314060001,12.31785,0.016463
58211.2170660002,12.357189,0.014402
58211.2761400002,12.269223,0.014869
58211.3186519998,12.276001,0.015122
58211.3611280001,12.348957,0.015542
58211.4034899999,12.338831,0.016059
58212.283235,12.168841,0.012699
58212.325735,12.221164,0.013098
58212.3691489999,12.211579,0.014159
58213.188999,12.453774,0.014132
58213.271001,12.317868,0.014132
58213.3210129999,12.347175,0.014306
58213.3830729998,12.381488,0.014495
58214.987679,12.419438,0.017256
58215.3607930001,12.538012,0.017713
58217.3519850001,12.26307,0.012756
58217.393964,12.395441,0.015757
58217.9845079999,12.413083,0.017078
58218.0452140002,12.408966,0.016233
58218.0944849998,12.385641,0.015493
58218.1426329999,12.431913,0.020957
58218.185943,12.429025,0.019061
58218.2288830001,12.47783,0.039988
58220.3622630001,12.441581,0.014751
58220.9816029998,12.496567,0.017628
58221.051337,12.449547,0.015798
58221.1614179998,12.451205,0.015207
58221.2086749999,12.417199,0.01502
58221.2681769999,12.318554,0.015725
58221.3193339999,12.361085,0.016149
58221.3614409999,12.394388,0.016219
58221.9881890002,12.364107,0.015306
58222.0371119999,12.438552,0.015327
58222.0800060001,12.434206,0.015081
58222.1222629999,12.452867,0.014867
58222.1655379999,12.465475,0.014485
58222.2144729998,12.46299,0.014329
58222.2572969999,12.323798,0.014383
58222.3018809999,12.351031,0.014721
58222.3447050001,12.37633,0.014956
58222.3875520001,12.332024,0.015114
58222.9801329998,12.49642,0.01584
58223.0229110001,12.49565,0.015381
58223.0712210001,12.512398,0.0154
58223.1135010002,12.513276,0.014949
58223.175388,12.487248,0.014553
58223.2177490001,12.485537,0.014422
58223.2603879999,12.370842,0.014782
58223.3048089999,12.437117,0.014765
58223.3493690002,12.430408,0.014713
58223.407286,12.381421,0.015259
58223.979971,12.451676,0.016408
58224.0324710002,12.409702,0.015573
58224.081152,12.418948,0.01442
58224.1423780001,12.415646,0.014007
58224.185087,12.404351,0.013929
58224.2359549999,12.286902,0.01378
58224.2785470001,12.322566,0.014267
58224.326568,12.310739,0.014167
58224.368675,12.318145,0.014386
58224.4113019998,12.303725,0.014867
58224.9792769998,12.372799,0.015988
58225.0555730001,12.397808,0.017515
58225.0988830002,12.429907,0.018329
58225.171881,12.417131,0.014469
58225.2176450002,12.33339,0.014582
58225.2764869998,12.32433,0.014548
58225.3342300002,12.474944,0.015307
58225.3894850002,12.399301,0.01518
58225.9849359999,12.549195,0.016744
58226.1589529999,12.557138,0.015086
58226.2009549998,12.491022,0.014578
58226.2438830002,12.493138,0.014921
58226.2863830002,12.405614,0.014554
58226.3288250002,12.488866,0.014991
58226.3708739998,12.352651,0.014858
58226.4134320002,12.467836,0.015851
58226.9828650001,12.415635,0.015908
58227.0999830002,12.45767,0.014942
58227.1926910002,12.419244,0.014553
58227.2635130002,12.310215,0.014742
58227.3057229999,12.32454,0.01493
58227.3484319998,12.414913,0.015545
58227.3909319998,12.339195,0.015534
58227.9836860001,12.448362,0.015748
58228.0261860001,12.428099,0.015257
58228.0685470002,12.404326,0.015168
58228.1111170002,12.389045,0.01474
58228.1533849998,12.4025,0.014631
58228.2102600001,12.293601,0.014571
58228.3036750001,12.317706,0.014971
58228.3659780002,12.376205,0.01529
58228.408142,12.326222,0.015626
58229.1768459999,12.551039,0.012358
58229.2371009998,12.360269,0.012274
58229.296013,12.348199,0.012314
58229.3723090002,12.34623,0.012634
58229.4147160002,12.367047,0.013168
58229.977494,12.478758,0.013001
58230.0731310002,12.427712,0.011971
58230.228964,12.295026,0.011984
58230.3292999999,12.315746,0.012409
58230.3925060001,12.283323,0.012573
58231.1474830001,12.395006,0.013114
58231.2015570002,12.301343,0.014258
58231.3611280001,12.323874,0.018061
58232.097054,12.471326,0.011982
58233.0564760002,12.478056,0.011928
58233.1029460002,12.437364,0.011653
58233.1617069999,12.431516,0.011648
58233.3849709998,12.361043,0.019065
58235.2752029998,12.383976,0.056989
58235.4015100002,12.377319,0.013584
58236.070446,12.460908,0.012882
58236.1258970001,12.416507,0.022292
58236.1773780002,12.434021,0.019543
58236.220191,12.301548,0.012355
58236.2624360002,12.260089,0.012624
58236.3841840001,12.27786,0.014289
58084.3453759998,12.263123,0.013251
58086.3426560001,12.335502,0.01386
58091.344728,12.38669,0.020551
58093.3436980001,12.299572,0.013366
58095.3426219998,12.429176,0.015477
58097.3204109999,12.373144,0.014901
58101.2991490001,12.36393,0.014189
58101.3443229999,12.384871,0.013071
58102.3404219998,12.377196,0.017529
58103.3041030001,12.42914,0.015585
58104.2910239999,12.536904,0.015896
58104.3415100002,12.449384,0.014364
58105.2992190002,12.428942,0.014839
58106.2856999999,12.413279,0.015332
58106.3284900002,12.34965,0.014143
58108.3021470001,12.481195,0.015824
58109.2945309999,12.495293,0.016904
58110.3069159999,12.391017,0.014235
58111.2724589999,12.434904,0.015745
58111.3157000002,12.414634,0.014323
58112.2902370002,12.358418,0.01384
58112.3329460002,12.331484,0.013341
58113.2678410001,12.265687,0.013652
58113.3254689998,12.353705,0.013198
58114.2638369999,12.384276,0.013949
58114.3065570002,12.388698,0.013226
58115.2716720002,12.261239,0.014086
58115.3147049998,12.432938,0.013831
58116.2735819998,12.290631,0.014799
58116.3162329998,12.303084,0.01322
58117.258779,12.507809,0.021352
58117.3018,12.41516,0.015454
58117.3446240001,12.451486,0.014425
58118.3103180002,12.394821,0.015978
58119.2558160001,12.362075,0.021034
58119.298709,12.372644,0.016465
58119.341672,12.265295,0.014312
58121.2446010001,12.370766,0.022076
58121.287182,12.365968,0.016636
58121.329531,12.368833,0.014974
58122.242112,12.345305,0.019338
58122.315955,12.314026,0.014615
58123.2393689998,12.42686,0.021117
58123.2818809999,12.368205,0.016851
58123.3248780002,12.397459,0.016142
58124.2368339999,12.364258,0.013918
58124.2796240002,12.337595,0.012954
58124.3223669999,12.378276,0.013078
58125.2340680002,12.326297,0.014962
58125.2766720001,12.357304,0.013857
58125.3193109999,12.349193,0.013588
58126.2446929999,12.310531,0.013998
58126.2873669998,12.300227,0.013221
58126.3298670002,12.373351,0.014644
58127.22805,12.519673,0.016682
58127.270492,12.366484,0.013381
58127.312992,12.372378,0.013012
58127.3558040001,12.349532,0.012747
58128.234462,12.338937,0.014067
58128.2770540002,12.344263,0.014481
58128.3195199999,12.321884,0.013866
58129.2232229998,12.457481,0.018875
58129.2875290001,12.421942,0.015306
58130.3566959999,12.465367,0.015322
58133.2867069999,12.627141,0.016971
58133.3488480002,12.586912,0.015772
58134.2132000001,12.288305,0.013862
58134.255932,12.39802,0.013832
58134.2985240002,12.336761,0.013363
58134.3474590001,12.354248,0.012852
58135.3019969999,12.320646,0.012682
58135.3477599998,12.343566,0.012753
58136.2155610002,12.341668,0.013705
58136.2584549999,12.382888,0.01322
58136.300909,12.341905,0.012613
58137.2098320001,12.536432,0.016994
58137.2635010001,12.450407,0.015081
58137.3062439999,12.503438,0.015154
58137.348791,12.440661,0.014522
58138.1996240001,12.458516,0.017271
58138.2458279999,12.445138,0.015489
58138.2886399999,12.445461,0.014969
58138.3313600002,12.451839,0.014631
58139.1953070001,12.445321,0.016927
58139.238223,12.33475,0.01348
58139.281186,12.360922,0.0132
58139.3233739999,12.39281,0.013049
58140.1929569999,12.378287,0.014689
58140.240179,12.369963,0.013615
58140.2851450001,12.39378,0.013508
58140.3275870001,12.421098,0.013256
58141.1927260002,12.370176,0.015003
58141.2443920001,12.33812,0.01401
58141.2926679999,12.375536,0.013703
58141.3564869999,12.346696,0.013026
58142.3033850002,12.467424,0.015055
58142.3640569998,12.44851,0.01455
58143.1918919999,12.622516,0.018536
58144.2975639999,12.368806,0.013678
58145.195179,12.244448,0.014886
58145.2457119999,12.332796,0.013305
58145.2887670002,12.358186,0.013438
58145.3604569999,12.368159,0.01301
58146.2205730001,12.407557,0.018876
58146.2887909999,12.412347,0.014791
58146.360932,12.387749,0.013844
58147.1742070001,12.27802,0.013215
58147.2172739999,12.330599,0.014349
58147.2622509999,12.369845,0.013803
58147.3049940001,12.457742,0.014471
58147.3636630001,12.485355,0.014876
58163.2272399999,12.365439,0.014003
58172.1905149999,12.396687,0.01381
58172.2355379998,12.38125,0.013498
58174.1715449998,12.24334,0.012259
58174.2144499999,12.333039,0.012956
58175.102031,12.386879,0.016913
58175.1481889999,12.438452,0.015959
58175.1906770002,12.386553,0.015173
58175.2330609998,12.417831,0.014398
58175.2818689998,12.374159,0.013069
58175.3826449998,12.275795,0.013651
58176.1754800002,12.353659,0.014192
58176.2176910001,12.308889,0.012677
58176.2688719998,12.365719,0.01306
58176.3514990001,12.284214,0.014161
58178.2229459998,12.426774,0.014855
58178.281244,12.410702,0.014007
58178.3384659998,12.35902,0.012948
58178.3805030002,12.31494,0.013559
58179.1310589998,12.353971,0.018336
58179.2652369998,12.377259,0.015471
58179.3112209998,12.35656,0.015071
58180.086441,12.437176,0.023398
58180.1291490002,12.344561,0.0182
58180.2300169999,12.354971,0.015621
58180.284149,12.324698,0.014738
58180.3864529999,12.230666,0.014748
58181.0807699999,12.443089,0.020184
58181.1235130001,12.423232,0.017588
58181.1663600002,12.423969,0.016235
58181.2097510002,12.457204,0.015839
58181.2522629998,12.417689,0.01506
58181.2955029998,12.436884,0.014654
58181.3387790001,12.295246,0.014579
58181.3868339998,12.267975,0.014645
58182.0886169998,12.464992,0.019504
58182.1396929999,12.390798,0.017299
58182.1823669998,12.368406,0.015552
58182.254797,12.401925,0.014612
58182.2978070001,12.396724,0.01447
58182.3404799998,12.205274,0.014363
58182.3884899998,12.238177,0.014792
58183.0753759998,12.339444,0.015459
58183.1473670001,12.341777,0.015001
58183.190064,12.349107,0.0149
58183.2757230001,12.338613,0.014262
58183.3257809998,12.346138,0.013957
58183.3754460001,12.20691,0.014309
58184.1025169999,12.46638,0.017285
58184.1680729999,12.42914,0.014857
58184.2102720002,12.366737,0.014082
58184.2531889998,12.446532,0.014603
58184.2964639999,12.445399,0.014124
58184.356499,12.274887,0.013864
58185.0724129998,12.279375,0.015166
58185.1152260001,12.435932,0.014951
58185.1730499999,12.387474,0.014202
58185.2365910001,12.407581,0.014579
58185.2820199998,12.388764,0.01457
58185.3268109998,12.282705,0.013973
58185.3714990001,12.273606,0.013277
58186.1138599999,12.365439,0.014692
58186.1803299999,12.342998,0.013692
58186.2238369999,12.304962,0.013289
58186.2664290001,12.334614,0.013224
58186.3088830002,12.341937,0.013142
58186.3515570001,12.196288,0.013257
58186.3938250002,12.253733,0.013247
58187.0807349999,12.419782,0.014478
58187.1339759999,12.377389,0.013604
58187.1864180001,12.408479,0.013584
58187.2290449999,12.38684,0.013467
58187.271429,12.414438,0.013244
58187.3143000002,12.349416,0.012792
58187.3589869998,12.280161,0.013023
58189.075133,12.377612,0.015193
58189.1451679999,12.333723,0.014063
58189.1900519999,12.315456,0.013082
58189.2455150001,12.351186,0.013476
58189.2883740002,12.361304,0.013484
58189.3317649998,12.164787,0.012736
58189.3748550001,12.206162,0.012733
58190.056163,12.243006,0.013914
58190.0988599998,12.39111,0.01455
58190.1415909999,12.326763,0.013498
58190.184045,12.42142,0.014351
